district,Month and Year,Homicide Total,Assault (Family) Total,Assault (Non-Family) Total,Stealing of Motor Vehicle,Stealing Total,Property Damage Total,Arson Total,Drug Offences Total,Regulated Weapons Offences
Armadale,1/01/2007,0,73,68,73,582,306,10,90,9
Armadale,1/02/2007,0,55,61,72,568,260,9,102,14
Armadale,1/03/2007,1,62,77,71,601,268,13,86,13
Armadale,1/04/2007,0,42,88,46,500,245,12,144,5
Armadale,1/05/2007,0,40,86,50,592,253,6,138,22
Armadale,1/06/2007,2,42,65,41,537,260,11,149,19
Armadale,1/07/2007,0,35,66,47,597,269,6,110,11
Armadale,1/08/2007,0,40,68,51,512,283,4,136,22
Armadale,1/09/2007,4,58,62,51,468,291,8,103,16
Armadale,1/10/2007,0,42,57,56,507,284,12,84,13
Armadale,1/11/2007,0,54,95,53,504,268,8,70,9
Armadale,1/12/2007,1,65,65,63,507,323,11,80,21
Armadale,1/01/2008,0,56,87,63,524,301,8,65,15
Armadale,1/02/2008,0,61,90,48,523,322,8,95,22
Armadale,1/03/2008,0,40,82,53,539,284,14,94,15
Armadale,1/04/2008,2,58,81,58,582,291,10,87,25
Armadale,1/05/2008,0,48,64,53,679,276,15,132,15
Armadale,1/06/2008,0,40,71,48,553,293,11,134,45
Armadale,1/07/2008,0,30,47,59,526,320,6,185,30
Armadale,1/08/2008,0,39,79,74,530,326,16,88,13
Armadale,1/09/2008,0,40,85,46,613,357,7,119,30
Armadale,1/10/2008,0,49,106,47,524,296,7,103,13
Armadale,1/11/2008,0,49,82,49,456,364,5,96,20
Armadale,1/12/2008,0,57,75,27,396,344,11,102,17
Armadale,1/01/2009,0,67,80,61,487,331,15,99,12
Armadale,1/02/2009,0,59,77,45,533,311,10,70,7
Armadale,1/03/2009,1,56,93,41,459,375,18,94,15
Armadale,1/04/2009,0,60,75,48,358,295,15,78,15
Armadale,1/05/2009,0,55,101,60,496,317,21,84,12
Armadale,1/06/2009,0,59,77,58,443,295,4,214,28
Armadale,1/07/2009,0,61,72,39,356,294,10,146,22
Armadale,1/08/2009,0,68,100,34,335,266,15,121,11
Armadale,1/09/2009,0,64,93,40,363,246,8,93,12
Armadale,1/10/2009,1,51,111,48,462,363,9,93,11
Armadale,1/11/2009,0,72,111,38,358,299,13,82,20
Armadale,1/12/2009,0,74,124,49,369,304,11,150,16
Armadale,1/01/2010,4,65,88,53,357,309,9,68,7
Armadale,1/02/2010,2,49,78,28,386,198,6,95,14
Armadale,1/03/2010,1,53,82,59,404,218,12,59,12
Armadale,1/04/2010,0,45,73,63,360,215,6,89,24
Armadale,1/05/2010,0,35,53,51,424,228,5,111,7
Armadale,1/06/2010,1,49,59,64,392,179,9,108,24
Armadale,1/07/2010,0,43,67,48,374,211,6,83,10
Armadale,1/08/2010,0,58,81,57,338,232,11,94,10
Armadale,1/09/2010,2,53,64,54,453,217,7,101,13
Armadale,1/10/2010,1,62,63,39,469,260,11,81,7
Armadale,1/11/2010,0,87,97,56,494,297,9,76,12
Armadale,1/12/2010,0,91,68,50,422,315,6,69,19
Armadale,1/01/2011,0,87,83,81,433,270,12,58,24
Armadale,1/02/2011,1,88,78,68,444,232,6,73,6
Armadale,1/03/2011,0,66,79,64,410,225,6,80,13
Armadale,1/04/2011,1,57,70,46,403,195,5,44,15
Armadale,1/05/2011,0,72,56,77,419,225,4,84,2
Armadale,1/06/2011,1,78,59,74,412,186,1,131,15
Armadale,1/07/2011,0,87,56,72,411,209,6,90,7
Armadale,1/08/2011,1,78,80,73,423,243,13,84,10
Armadale,1/09/2011,0,71,55,52,457,228,6,104,9
Armadale,1/10/2011,0,84,63,67,543,285,5,71,13
Armadale,1/11/2011,0,67,64,40,490,235,7,70,11
Armadale,1/12/2011,1,87,61,64,539,239,8,74,9
Armadale,1/01/2012,3,89,74,61,484,304,6,106,15
Armadale,1/02/2012,0,102,60,66,482,238,11,112,24
Armadale,1/03/2012,1,103,62,55,495,246,13,119,16
Armadale,1/04/2012,0,89,60,67,499,269,8,116,29
Armadale,1/05/2012,2,80,82,81,636,205,6,120,15
Armadale,1/06/2012,2,99,41,50,536,219,4,91,19
Armadale,1/07/2012,0,87,72,60,426,204,8,129,19
Armadale,1/08/2012,0,105,75,66,463,210,3,108,21
Armadale,1/09/2012,0,110,73,44,477,202,5,107,26
Armadale,1/10/2012,0,116,73,93,550,266,7,147,33
Armadale,1/11/2012,1,103,65,73,564,283,1,80,27
Armadale,1/12/2012,3,136,79,101,575,244,10,105,11
Armadale,1/01/2013,1,133,73,93,596,294,6,79,11
Armadale,1/02/2013,1,88,61,84,504,278,9,130,19
Armadale,1/03/2013,0,107,75,80,477,307,4,122,22
Armadale,1/04/2013,2,107,63,72,452,288,5,78,37
Armadale,1/05/2013,0,95,57,55,470,255,7,114,22
Armadale,1/06/2013,1,94,71,64,457,208,9,160,11
Armadale,1/07/2013,0,106,60,51,388,206,4,151,22
Armadale,1/08/2013,1,101,77,54,424,212,4,165,31
Armadale,1/09/2013,0,120,66,82,413,208,9,114,25
Armadale,1/10/2013,0,119,45,100,492,213,9,151,34
Armadale,1/11/2013,2,117,92,76,545,276,11,86,26
Armadale,1/12/2013,1,125,95,77,502,242,12,88,15
Armadale,1/01/2014,0,127,101,91,607,277,12,142,23
Armadale,1/02/2014,0,123,82,82,513,181,16,102,37
Armadale,1/03/2014,0,128,74,68,593,244,14,129,24
Armadale,1/04/2014,1,89,60,54,495,189,7,137,25
Armadale,1/05/2014,0,100,73,63,623,223,8,158,25
Armadale,1/06/2014,2,99,78,58,557,189,9,126,31
Armadale,1/07/2014,0,98,54,58,518,206,10,141,30
Armadale,1/08/2014,1,143,76,59,508,203,11,165,17
Armadale,1/09/2014,1,122,57,70,559,207,2,145,33
Armadale,1/10/2014,0,135,75,56,609,225,6,163,24
Armadale,1/11/2014,0,125,68,47,640,204,5,157,28
Armadale,1/12/2014,0,161,77,57,569,232,14,197,35
Armadale,1/01/2015,0,141,94,86,583,256,12,169,35
Armadale,1/02/2015,0,115,82,63,635,212,12,140,25
Armadale,1/03/2015,3,136,95,76,622,225,9,182,34
Armadale,1/04/2015,2,163,85,59,605,231,5,182,43
Armadale,1/05/2015,1,141,79,65,684,250,8,174,28
Armadale,1/06/2015,1,159,73,66,814,295,9,173,31
Armadale,1/07/2015,0,128,77,58,706,277,5,151,16
Armadale,1/08/2015,3,152,67,85,686,278,5,239,46
Armadale,1/09/2015,0,144,81,67,596,286,7,243,41
Armadale,1/10/2015,3,157,75,70,709,293,6,222,40
Armadale,1/11/2015,0,161,71,58,748,322,7,181,37
Armadale,1/12/2015,0,163,89,69,672,288,19,276,48
Armadale,1/01/2016,0,209,75,81,616,323,6,195,58
Armadale,1/02/2016,0,187,106,46,634,221,13,218,49
Armadale,1/03/2016,1,175,98,83,618,269,13,285,38
Armadale,1/04/2016,1,150,100,69,647,282,13,389,77
Armadale,1/05/2016,1,139,93,53,681,260,6,225,51
Armadale,1/06/2016,0,127,114,65,669,236,7,231,49
Armadale,1/07/2016,0,139,79,56,571,229,2,289,72
Armadale,1/08/2016,1,150,106,66,650,228,2,230,46
Armadale,1/09/2016,1,153,86,69,729,264,6,255,35
Armadale,1/10/2016,0,165,101,79,763,284,16,238,61
Armadale,1/11/2016,0,193,113,79,786,285,3,286,52
Armadale,1/12/2016,0,205,101,67,673,292,13,233,47
Armadale,1/01/2017,2,176,104,88,624,292,12,255,67
Armadale,1/02/2017,0,164,96,65,564,247,4,268,61
Armadale,1/03/2017,1,142,86,69,670,266,9,252,44
Armadale,1/04/2017,0,160,107,50,612,244,6,222,61
Armadale,1/05/2017,0,119,118,54,699,224,5,222,19
Armadale,1/06/2017,0,109,90,49,636,184,5,224,45
Armadale,1/07/2017,0,98,60,48,602,163,3,251,44
Armadale,1/08/2017,0,156,82,66,643,187,1,283,44
Armadale,1/09/2017,1,133,99,67,573,174,1,185,31
Armadale,1/10/2017,0,159,94,68,600,223,7,252,50
Armadale,1/11/2017,2,148,82,61,614,204,10,221,29
Armadale,1/12/2017,6,174,102,70,649,189,14,204,30
Armadale,1/01/2018,0,140,93,77,686,192,23,230,52
Armadale,1/02/2018,1,136,100,55,804,174,20,196,28
Armadale,1/03/2018,0,150,99,60,720,233,5,234,35
Armadale,1/04/2018,3,121,77,62,739,211,8,289,37
Armadale,1/05/2018,1,123,80,70,777,203,4,210,46
Armadale,1/06/2018,0,143,83,54,946,182,1,328,63
Armadale,1/07/2018,0,109,56,53,811,199,4,236,27
Armadale,1/08/2018,0,143,75,50,765,203,3,273,39
Armadale,1/09/2018,0,154,79,36,703,185,3,224,30
Armadale,1/10/2018,0,147,85,70,771,217,6,215,32
Armadale,1/11/2018,3,148,83,61,796,203,2,255,42
Armadale,1/12/2018,0,173,86,53,747,217,11,243,45
Armadale,1/01/2019,0,143,86,66,794,205,2,300,71
Armadale,1/02/2019,1,142,89,52,774,162,13,198,46
Armadale,1/03/2019,2,173,71,56,908,211,6,261,42
Armadale,1/04/2019,4,146,67,47,764,243,12,299,44
Armadale,1/05/2019,0,134,98,45,808,192,8,358,76
Armadale,1/06/2019,0,134,101,48,727,190,6,230,43
Armadale,1/07/2019,1,153,65,47,663,195,4,240,68
Armadale,1/08/2019,0,152,96,60,714,197,5,306,48
Armadale,1/09/2019,1,166,87,62,800,184,5,247,31
Armadale,1/10/2019,2,175,90,59,787,234,7,247,42
Armadale,1/11/2019,0,169,87,44,687,201,7,202,30
Armadale,1/12/2019,0,238,80,61,730,270,24,231,46
Armadale,1/01/2020,0,200,103,53,695,236,6,188,26
Armadale,1/02/2020,0,223,110,50,692,221,14,244,45
Armadale,1/03/2020,1,212,101,63,678,220,22,212,29
Armadale,1/04/2020,0,153,78,48,409,168,2,324,48
Armadale,1/05/2020,0,163,100,21,361,174,10,325,41
Armadale,1/06/2020,0,166,87,34,360,197,4,334,40
Armadale,1/07/2020,1,158,87,45,374,188,6,327,51
Armadale,1/08/2020,1,176,89,25,269,176,2,342,32
Armadale,1/09/2020,1,147,86,25,301,165,2,256,49
Armadale,1/10/2020,0,172,95,42,386,178,3,230,35
Armadale,1/11/2020,0,160,78,29,435,166,10,241,28
Armadale,1/12/2020,0,185,85,54,483,205,5,215,44
Armadale,1/01/2021,2,181,62,41,492,196,14,236,27
Armadale,1/02/2021,0,178,81,43,400,161,5,236,35
Armadale,1/03/2021,0,165,87,41,605,208,9,294,57
Armadale,1/04/2021,0,163,75,31,499,177,12,303,34
Armadale,1/05/2021,0,125,94,38,468,163,4,252,33
Armadale,1/06/2021,0,141,88,35,495,169,2,325,37
Armadale,1/07/2021,0,121,81,41,515,197,3,321,47
Armadale,1/08/2021,0,157,88,33,495,195,9,254,37
Armadale,1/09/2021,2,124,83,37,419,182,7,156,24
Armadale,1/10/2021,0,162,95,35,496,190,3,233,22
Armadale,1/11/2021,1,148,100,37,422,158,5,212,30
Armadale,1/12/2021,1,171,97,36,481,170,15,151,21
Armadale,1/01/2022,0,165,76,42,462,191,8,137,19
Armadale,1/02/2022,1,170,99,26,398,140,17,137,30
Armadale,1/03/2022,0,150,91,40,550,224,8,223,47
Armadale,1/04/2022,0,162,85,47,444,164,3,151,25
Armadale,1/05/2022,0,145,100,36,576,160,2,230,20
Armadale,1/06/2022,0,152,115,39,665,162,5,163,25
Armadale,1/07/2022,0,136,66,38,568,134,6,197,32
Armadale,1/08/2022,0,140,91,51,522,171,6,210,30
Armadale,1/09/2022,0,171,83,41,647,278,7,132,21
Armadale,1/10/2022,2,170,93,42,695,184,5,171,39
Armadale,1/11/2022,0,169,95,52,584,169,3,158,19
Armadale,1/12/2022,0,176,105,32,554,180,7,155,28
Cannington,1/01/2007,3,67,90,99,852,373,3,117,10
Cannington,1/02/2007,0,60,76,75,727,360,6,120,16
Cannington,1/03/2007,0,53,82,89,748,389,7,120,7
Cannington,1/04/2007,0,50,90,71,744,341,5,81,12
Cannington,1/05/2007,5,47,79,105,840,329,5,142,14
Cannington,1/06/2007,1,47,81,50,778,321,3,128,29
Cannington,1/07/2007,0,54,74,77,777,335,8,120,14
Cannington,1/08/2007,1,61,85,88,878,409,2,127,16
Cannington,1/09/2007,0,52,84,84,787,395,5,153,12
Cannington,1/10/2007,0,60,79,75,846,431,9,87,10
Cannington,1/11/2007,0,60,110,53,732,375,17,112,10
Cannington,1/12/2007,1,65,114,70,713,591,9,110,40
Cannington,1/01/2008,0,65,129,80,801,433,17,130,9
Cannington,1/02/2008,0,60,93,83,784,366,9,133,15
Cannington,1/03/2008,0,65,77,85,735,351,16,104,10
Cannington,1/04/2008,0,41,76,71,770,348,6,94,14
Cannington,1/05/2008,2,47,83,82,893,361,6,163,26
Cannington,1/06/2008,0,29,78,72,876,396,6,127,24
Cannington,1/07/2008,0,41,92,64,785,300,5,139,18
Cannington,1/08/2008,0,39,83,73,743,263,10,110,33
Cannington,1/09/2008,2,33,88,67,710,300,5,115,16
Cannington,1/10/2008,1,43,80,68,772,389,19,161,9
Cannington,1/11/2008,2,42,84,68,667,327,11,137,19
Cannington,1/12/2008,0,64,82,67,567,358,5,151,15
Cannington,1/01/2009,2,77,113,72,652,364,10,134,10
Cannington,1/02/2009,1,54,87,74,634,361,9,108,14
Cannington,1/03/2009,0,62,136,106,582,338,5,152,19
Cannington,1/04/2009,1,50,89,73,520,310,9,151,14
Cannington,1/05/2009,0,36,104,88,560,298,10,240,14
Cannington,1/06/2009,0,57,77,46,681,360,4,153,5
Cannington,1/07/2009,2,53,98,69,562,358,6,147,23
Cannington,1/08/2009,0,53,96,50,551,329,5,140,17
Cannington,1/09/2009,0,59,69,48,614,256,5,134,20
Cannington,1/10/2009,1,48,90,54,580,302,8,94,12
Cannington,1/11/2009,1,53,81,44,481,256,8,83,6
Cannington,1/12/2009,0,58,99,49,556,298,4,76,11
Cannington,1/01/2010,0,72,81,69,560,313,15,86,8
Cannington,1/02/2010,0,50,90,51,552,269,9,130,16
Cannington,1/03/2010,1,51,96,51,635,289,3,102,4
Cannington,1/04/2010,1,47,62,58,616,273,4,71,8
Cannington,1/05/2010,1,38,78,40,609,219,3,131,9
Cannington,1/06/2010,1,56,63,62,512,234,5,80,7
Cannington,1/07/2010,0,48,80,56,519,225,6,151,12
Cannington,1/08/2010,0,58,60,59,575,236,10,98,16
Cannington,1/09/2010,0,62,95,68,638,244,2,129,20
Cannington,1/10/2010,1,63,76,76,652,298,12,52,9
Cannington,1/11/2010,1,83,110,79,653,261,10,68,10
Cannington,1/12/2010,1,85,113,78,594,299,8,73,10
Cannington,1/01/2011,1,73,97,45,593,246,6,66,14
Cannington,1/02/2011,2,72,65,69,577,240,7,59,6
Cannington,1/03/2011,0,69,91,89,673,297,5,69,27
Cannington,1/04/2011,1,77,78,75,658,237,5,78,3
Cannington,1/05/2011,2,44,69,96,802,276,3,83,15
Cannington,1/06/2011,0,63,62,63,703,277,4,79,25
Cannington,1/07/2011,0,54,53,71,727,252,7,173,13
Cannington,1/08/2011,0,76,77,65,793,276,5,81,13
Cannington,1/09/2011,0,84,65,62,775,275,7,80,23
Cannington,1/10/2011,0,61,87,100,871,327,6,83,17
Cannington,1/11/2011,0,66,95,83,748,285,6,88,18
Cannington,1/12/2011,3,88,69,58,688,276,5,73,10
Cannington,1/01/2012,2,88,90,86,680,331,3,96,7
Cannington,1/02/2012,2,65,80,98,694,226,8,85,11
Cannington,1/03/2012,0,83,80,109,786,345,2,95,17
Cannington,1/04/2012,0,70,62,125,854,358,5,141,25
Cannington,1/05/2012,0,62,70,107,850,280,7,126,14
Cannington,1/06/2012,1,60,69,70,641,215,3,103,10
Cannington,1/07/2012,1,71,59,79,679,223,8,87,6
Cannington,1/08/2012,2,76,79,57,692,259,2,102,17
Cannington,1/09/2012,0,62,70,83,847,276,2,101,6
Cannington,1/10/2012,2,76,62,104,751,262,8,123,7
Cannington,1/11/2012,1,84,76,88,758,251,6,98,7
Cannington,1/12/2012,0,96,90,126,1008,313,6,83,12
Cannington,1/01/2013,0,90,80,103,864,290,9,98,8
Cannington,1/02/2013,0,83,81,98,794,323,5,86,9
Cannington,1/03/2013,0,82,79,103,920,334,3,74,18
Cannington,1/04/2013,1,76,73,75,821,313,8,108,8
Cannington,1/05/2013,1,73,69,91,800,244,4,94,9
Cannington,1/06/2013,2,65,74,54,784,223,8,125,19
Cannington,1/07/2013,0,81,54,76,664,224,10,90,15
Cannington,1/08/2013,1,78,79,82,697,247,5,122,12
Cannington,1/09/2013,0,66,51,88,779,220,3,116,16
Cannington,1/10/2013,2,84,58,110,756,278,6,132,15
Cannington,1/11/2013,1,98,106,99,828,264,16,100,15
Cannington,1/12/2013,0,88,87,98,772,229,6,151,10
Cannington,1/01/2014,0,111,66,81,724,229,4,126,12
Cannington,1/02/2014,0,66,84,76,754,216,1,126,69
Cannington,1/03/2014,0,102,59,91,854,244,3,113,20
Cannington,1/04/2014,1,82,74,78,806,232,4,143,26
Cannington,1/05/2014,0,68,47,78,873,229,1,111,15
Cannington,1/06/2014,1,79,61,52,811,245,3,149,29
Cannington,1/07/2014,0,78,61,57,788,271,12,157,39
Cannington,1/08/2014,0,76,58,67,922,262,3,166,24
Cannington,1/09/2014,0,83,56,77,936,187,11,178,23
Cannington,1/10/2014,2,94,60,85,961,253,3,181,22
Cannington,1/11/2014,0,93,82,70,865,248,6,151,16
Cannington,1/12/2014,0,111,69,61,836,266,13,214,34
Cannington,1/01/2015,0,110,62,72,883,297,11,164,42
Cannington,1/02/2015,1,91,80,89,840,259,7,189,34
Cannington,1/03/2015,0,85,76,83,1010,231,7,185,33
Cannington,1/04/2015,0,80,58,90,855,284,4,194,28
Cannington,1/05/2015,1,114,58,87,914,236,4,261,36
Cannington,1/06/2015,0,104,69,90,999,320,11,193,35
Cannington,1/07/2015,0,111,75,104,1056,342,7,264,36
Cannington,1/08/2015,1,102,77,87,1028,252,9,222,45
Cannington,1/09/2015,0,153,83,84,1162,315,3,248,29
Cannington,1/10/2015,3,119,84,108,1092,310,8,183,22
Cannington,1/11/2015,0,110,82,82,1175,277,5,309,30
Cannington,1/12/2015,0,154,78,101,1192,332,11,163,23
Cannington,1/01/2016,1,162,79,122,1093,352,8,174,33
Cannington,1/02/2016,0,132,80,112,1068,291,3,253,34
Cannington,1/03/2016,0,141,121,104,953,281,7,287,37
Cannington,1/04/2016,1,112,99,89,913,278,1,206,18
Cannington,1/05/2016,0,105,71,100,1129,250,6,274,33
Cannington,1/06/2016,1,105,90,81,899,272,6,144,17
Cannington,1/07/2016,0,127,88,78,791,229,2,200,46
Cannington,1/08/2016,0,113,83,80,816,272,5,237,33
Cannington,1/09/2016,0,101,70,78,865,247,6,231,28
Cannington,1/10/2016,0,118,73,95,923,302,5,216,29
Cannington,1/11/2016,1,126,111,86,945,297,5,213,16
Cannington,1/12/2016,0,122,92,99,770,296,9,201,23
Cannington,1/01/2017,0,124,88,92,997,380,14,221,35
Cannington,1/02/2017,0,107,77,72,850,251,2,153,22
Cannington,1/03/2017,0,108,86,63,841,292,7,252,27
Cannington,1/04/2017,2,122,78,53,673,242,3,203,29
Cannington,1/05/2017,1,102,79,79,775,249,2,205,26
Cannington,1/06/2017,0,100,76,80,684,181,4,216,34
Cannington,1/07/2017,0,101,60,54,668,213,3,230,21
Cannington,1/08/2017,0,136,69,58,683,225,4,225,39
Cannington,1/09/2017,0,97,64,45,751,248,6,193,22
Cannington,1/10/2017,0,113,54,56,724,276,10,249,31
Cannington,1/11/2017,0,124,93,51,695,231,2,255,19
Cannington,1/12/2017,1,144,76,63,769,244,2,179,26
Cannington,1/01/2018,2,116,75,67,876,265,2,175,19
Cannington,1/02/2018,0,119,75,71,993,227,9,188,29
Cannington,1/03/2018,0,139,71,72,988,294,2,199,23
Cannington,1/04/2018,0,98,65,56,921,243,0,210,26
Cannington,1/05/2018,3,101,73,56,912,198,4,207,36
Cannington,1/06/2018,0,81,61,67,1080,229,3,310,31
Cannington,1/07/2018,0,108,59,57,1022,202,5,222,28
Cannington,1/08/2018,0,120,59,38,882,201,2,326,30
Cannington,1/09/2018,1,103,54,44,802,200,8,217,49
Cannington,1/10/2018,1,128,92,65,929,217,4,236,68
Cannington,1/11/2018,0,135,84,47,870,210,4,166,37
Cannington,1/12/2018,1,148,112,69,801,208,10,158,23
Cannington,1/01/2019,0,143,67,70,851,180,4,184,40
Cannington,1/02/2019,1,125,54,66,810,179,3,132,24
Cannington,1/03/2019,0,120,93,58,839,209,7,187,30
Cannington,1/04/2019,0,114,80,62,795,213,5,187,17
Cannington,1/05/2019,0,99,74,60,936,213,1,214,33
Cannington,1/06/2019,0,104,74,62,926,202,3,216,22
Cannington,1/07/2019,0,94,63,59,922,198,6,177,21
Cannington,1/08/2019,1,116,96,59,1041,228,4,196,33
Cannington,1/09/2019,1,142,75,64,917,209,7,117,12
Cannington,1/10/2019,1,132,84,67,1113,234,9,118,26
Cannington,1/11/2019,0,103,69,61,1086,209,2,170,21
Cannington,1/12/2019,1,158,115,60,883,256,9,164,13
Cannington,1/01/2020,0,145,86,72,979,258,14,176,24
Cannington,1/02/2020,1,123,77,52,871,210,0,182,26
Cannington,1/03/2020,0,147,76,63,1022,243,5,125,10
Cannington,1/04/2020,2,116,51,49,633,189,4,183,23
Cannington,1/05/2020,0,121,73,47,482,156,3,243,54
Cannington,1/06/2020,0,115,76,31,526,156,3,187,22
Cannington,1/07/2020,1,127,69,35,520,200,9,211,19
Cannington,1/08/2020,1,119,93,24,443,176,7,174,28
Cannington,1/09/2020,0,115,73,30,495,161,6,174,16
Cannington,1/10/2020,0,130,85,36,525,151,4,137,16
Cannington,1/11/2020,0,137,64,41,580,162,3,433,35
Cannington,1/12/2020,1,176,72,45,659,182,4,174,25
Cannington,1/01/2021,0,157,82,56,662,213,5,149,24
Cannington,1/02/2021,0,136,80,39,646,202,9,100,21
Cannington,1/03/2021,4,147,92,67,779,229,7,210,31
Cannington,1/04/2021,0,152,69,58,797,184,5,134,23
Cannington,1/05/2021,0,152,89,49,1005,280,4,135,18
Cannington,1/06/2021,0,120,119,46,958,213,9,102,28
Cannington,1/07/2021,0,131,83,47,923,214,1,138,18
Cannington,1/08/2021,0,150,113,45,883,234,4,117,13
Cannington,1/09/2021,1,140,76,44,726,209,4,157,32
Cannington,1/10/2021,0,128,82,60,897,240,4,111,25
Cannington,1/11/2021,1,126,106,52,779,233,5,110,18
Cannington,1/12/2021,0,179,112,55,736,197,6,96,10
Cannington,1/01/2022,0,171,98,40,753,217,3,101,17
Cannington,1/02/2022,0,157,99,51,754,190,2,111,12
Cannington,1/03/2022,0,159,86,52,875,221,5,130,14
Cannington,1/04/2022,0,168,100,59,837,195,5,134,18
Cannington,1/05/2022,0,153,100,52,893,229,1,142,23
Cannington,1/06/2022,0,144,71,54,893,197,2,140,19
Cannington,1/07/2022,0,139,95,45,867,211,4,109,10
Cannington,1/08/2022,0,158,119,47,801,219,5,176,10
Cannington,1/09/2022,0,158,118,56,852,209,8,147,17
Cannington,1/10/2022,0,137,110,81,972,215,3,153,20
Cannington,1/11/2022,1,164,108,53,958,242,6,131,25
Cannington,1/12/2022,0,164,137,69,1013,263,1,172,16
Fremantle,1/01/2007,2,52,97,94,980,485,10,128,15
Fremantle,1/02/2007,1,58,91,95,782,402,9,108,20
Fremantle,1/03/2007,1,60,111,80,874,437,12,117,25
Fremantle,1/04/2007,0,50,79,74,774,345,7,121,11
Fremantle,1/05/2007,0,49,92,80,828,396,10,176,20
Fremantle,1/06/2007,0,43,67,55,737,371,8,230,27
Fremantle,1/07/2007,0,55,87,65,657,342,6,110,8
Fremantle,1/08/2007,1,36,89,70,701,385,17,149,8
Fremantle,1/09/2007,0,51,90,66,745,354,11,118,21
Fremantle,1/10/2007,0,49,96,88,811,395,11,104,5
Fremantle,1/11/2007,0,61,121,62,738,398,8,142,22
Fremantle,1/12/2007,0,63,97,63,690,374,6,117,16
Fremantle,1/01/2008,3,55,117,80,840,438,6,100,14
Fremantle,1/02/2008,1,42,110,122,731,392,9,115,22
Fremantle,1/03/2008,1,46,101,117,774,392,21,132,14
Fremantle,1/04/2008,1,28,83,88,793,346,5,89,16
Fremantle,1/05/2008,0,49,97,91,839,367,3,156,27
Fremantle,1/06/2008,1,38,78,75,761,386,11,139,18
Fremantle,1/07/2008,2,45,73,80,663,312,8,107,9
Fremantle,1/08/2008,1,40,84,69,664,302,4,132,11
Fremantle,1/09/2008,0,35,97,68,660,332,6,107,9
Fremantle,1/10/2008,1,46,117,83,813,394,4,85,3
Fremantle,1/11/2008,0,55,108,71,683,356,6,120,6
Fremantle,1/12/2008,1,50,83,58,683,357,14,112,14
Fremantle,1/01/2009,0,41,103,73,805,410,9,100,7
Fremantle,1/02/2009,0,55,95,72,775,302,9,145,19
Fremantle,1/03/2009,0,34,122,91,827,395,11,139,16
Fremantle,1/04/2009,0,27,72,114,814,394,3,128,10
Fremantle,1/05/2009,0,31,84,84,838,376,9,138,8
Fremantle,1/06/2009,0,41,92,100,878,418,8,133,20
Fremantle,1/07/2009,0,38,77,67,612,368,8,131,15
Fremantle,1/08/2009,0,54,86,79,625,334,7,150,15
Fremantle,1/09/2009,0,35,77,45,675,343,11,132,17
Fremantle,1/10/2009,0,34,98,56,686,368,6,128,6
Fremantle,1/11/2009,0,46,94,42,559,330,4,122,17
Fremantle,1/12/2009,0,40,114,44,748,317,6,122,21
Fremantle,1/01/2010,1,45,102,82,703,352,6,65,12
Fremantle,1/02/2010,1,40,83,55,633,289,6,78,7
Fremantle,1/03/2010,0,53,110,72,755,314,8,118,18
Fremantle,1/04/2010,1,39,106,80,630,306,10,112,8
Fremantle,1/05/2010,1,38,91,70,656,278,7,123,17
Fremantle,1/06/2010,0,30,78,57,573,238,1,108,17
Fremantle,1/07/2010,1,42,52,62,499,283,3,123,15
Fremantle,1/08/2010,2,37,92,56,591,266,3,61,16
Fremantle,1/09/2010,0,45,74,59,659,317,8,98,15
Fremantle,1/10/2010,0,48,121,56,634,325,7,99,12
Fremantle,1/11/2010,0,53,85,41,656,266,16,122,12
Fremantle,1/12/2010,0,70,90,46,613,299,10,94,9
Fremantle,1/01/2011,0,65,85,80,722,335,12,68,12
Fremantle,1/02/2011,0,56,93,57,725,264,22,90,8
Fremantle,1/03/2011,0,47,74,94,758,304,14,79,14
Fremantle,1/04/2011,0,64,66,77,675,241,4,99,12
Fremantle,1/05/2011,2,55,76,77,834,265,10,82,9
Fremantle,1/06/2011,0,61,96,75,730,256,7,93,8
Fremantle,1/07/2011,1,42,82,84,671,261,4,79,7
Fremantle,1/08/2011,0,42,57,75,745,227,8,138,46
Fremantle,1/09/2011,1,46,75,61,734,261,5,83,11
Fremantle,1/10/2011,0,57,87,71,817,290,5,64,10
Fremantle,1/11/2011,0,69,85,84,744,292,3,89,17
Fremantle,1/12/2011,0,70,79,83,705,234,7,86,4
Fremantle,1/01/2012,0,94,109,86,774,260,5,111,9
Fremantle,1/02/2012,0,70,96,83,697,214,7,74,14
Fremantle,1/03/2012,4,75,108,100,747,255,6,114,15
Fremantle,1/04/2012,0,72,87,82,662,248,14,158,12
Fremantle,1/05/2012,2,47,68,74,670,210,5,155,19
Fremantle,1/06/2012,1,59,47,60,662,191,6,138,22
Fremantle,1/07/2012,1,66,67,80,571,225,2,114,20
Fremantle,1/08/2012,1,64,98,56,584,218,3,96,18
Fremantle,1/09/2012,1,76,70,48,593,239,1,117,10
Fremantle,1/10/2012,1,61,64,93,803,304,28,110,14
Fremantle,1/11/2012,0,77,111,95,617,239,8,97,22
Fremantle,1/12/2012,0,88,100,107,786,269,10,90,22
Fremantle,1/01/2013,1,87,105,126,822,235,4,112,21
Fremantle,1/02/2013,1,74,73,86,683,198,5,97,20
Fremantle,1/03/2013,0,83,77,89,751,277,6,194,14
Fremantle,1/04/2013,0,70,55,68,628,190,6,130,25
Fremantle,1/05/2013,1,62,65,73,669,232,9,136,30
Fremantle,1/06/2013,1,42,62,62,557,249,4,75,10
Fremantle,1/07/2013,0,88,57,64,663,239,1,101,12
Fremantle,1/08/2013,0,105,85,64,598,212,6,106,25
Fremantle,1/09/2013,0,87,88,73,563,206,3,171,27
Fremantle,1/10/2013,0,83,57,73,730,258,5,119,16
Fremantle,1/11/2013,0,104,91,68,738,231,7,156,15
Fremantle,1/12/2013,1,84,97,117,798,228,9,166,18
Fremantle,1/01/2014,3,88,86,105,886,272,12,149,21
Fremantle,1/02/2014,0,99,65,87,704,226,4,154,34
Fremantle,1/03/2014,0,96,77,106,726,236,4,160,21
Fremantle,1/04/2014,3,106,71,85,581,205,6,187,9
Fremantle,1/05/2014,0,95,55,91,716,229,8,175,24
Fremantle,1/06/2014,2,83,43,66,705,210,1,176,33
Fremantle,1/07/2014,0,96,51,69,765,187,6,94,14
Fremantle,1/08/2014,1,88,100,92,754,214,10,127,22
Fremantle,1/09/2014,0,82,58,75,743,195,8,181,36
Fremantle,1/10/2014,1,86,62,68,830,215,2,200,45
Fremantle,1/11/2014,0,84,71,86,765,224,8,185,16
Fremantle,1/12/2014,3,124,86,74,767,249,7,204,43
Fremantle,1/01/2015,0,137,79,73,798,277,8,190,23
Fremantle,1/02/2015,0,104,83,62,840,247,6,190,21
Fremantle,1/03/2015,0,119,93,91,929,287,20,231,23
Fremantle,1/04/2015,2,102,58,74,1002,317,8,205,28
Fremantle,1/05/2015,2,95,65,93,944,284,2,202,23
Fremantle,1/06/2015,1,94,62,77,964,259,5,222,37
Fremantle,1/07/2015,1,96,59,66,887,224,5,156,12
Fremantle,1/08/2015,1,92,82,75,903,317,10,224,55
Fremantle,1/09/2015,0,116,76,53,881,297,6,231,18
Fremantle,1/10/2015,0,101,71,83,1136,307,23,160,19
Fremantle,1/11/2015,0,114,100,66,1023,307,9,192,27
Fremantle,1/12/2015,3,135,81,70,1024,307,19,258,25
Fremantle,1/01/2016,1,153,62,81,1120,271,6,192,17
Fremantle,1/02/2016,1,113,82,71,1083,287,11,212,42
Fremantle,1/03/2016,0,115,87,61,1000,269,9,234,53
Fremantle,1/04/2016,0,117,76,46,810,378,5,174,31
Fremantle,1/05/2016,1,97,65,66,868,270,3,190,44
Fremantle,1/06/2016,0,80,79,66,855,209,5,284,42
Fremantle,1/07/2016,1,95,67,50,734,213,3,231,19
Fremantle,1/08/2016,0,84,60,56,737,234,4,245,33
Fremantle,1/09/2016,1,73,59,50,830,241,10,207,29
Fremantle,1/10/2016,0,124,95,63,879,273,11,246,33
Fremantle,1/11/2016,2,110,92,60,879,210,5,250,25
Fremantle,1/12/2016,2,112,104,63,784,218,2,256,38
Fremantle,1/01/2017,0,107,90,71,950,303,11,154,21
Fremantle,1/02/2017,0,89,89,65,824,229,4,163,22
Fremantle,1/03/2017,0,93,88,66,874,251,7,210,25
Fremantle,1/04/2017,0,99,87,47,701,210,2,228,21
Fremantle,1/05/2017,0,83,97,59,790,233,5,200,24
Fremantle,1/06/2017,0,88,78,74,788,220,3,178,23
Fremantle,1/07/2017,0,122,66,54,840,293,7,221,25
Fremantle,1/08/2017,0,84,71,55,827,238,6,212,22
Fremantle,1/09/2017,0,69,92,69,811,220,6,165,23
Fremantle,1/10/2017,0,119,72,53,935,243,7,190,23
Fremantle,1/11/2017,1,98,81,55,785,251,5,129,28
Fremantle,1/12/2017,2,129,79,70,833,238,10,153,19
Fremantle,1/01/2018,0,118,101,68,1092,252,7,143,21
Fremantle,1/02/2018,1,81,84,41,975,201,10,192,28
Fremantle,1/03/2018,0,102,76,60,953,207,3,213,18
Fremantle,1/04/2018,1,85,74,47,835,176,2,208,36
Fremantle,1/05/2018,0,71,73,39,803,204,5,182,20
Fremantle,1/06/2018,0,53,58,54,752,185,6,191,39
Fremantle,1/07/2018,0,68,58,43,741,216,2,189,12
Fremantle,1/08/2018,0,70,63,54,775,208,10,185,33
Fremantle,1/09/2018,1,84,95,58,702,179,2,205,37
Fremantle,1/10/2018,0,74,69,54,845,226,4,211,26
Fremantle,1/11/2018,0,95,62,49,830,240,3,221,25
Fremantle,1/12/2018,2,97,90,58,871,240,9,176,28
Fremantle,1/01/2019,0,123,116,56,925,252,7,183,33
Fremantle,1/02/2019,1,122,86,65,863,260,7,174,20
Fremantle,1/03/2019,0,112,81,62,894,235,5,195,31
Fremantle,1/04/2019,0,110,93,78,891,187,6,203,36
Fremantle,1/05/2019,0,99,88,80,1010,199,5,253,28
Fremantle,1/06/2019,0,91,69,57,874,216,3,145,15
Fremantle,1/07/2019,0,103,65,45,831,193,5,193,27
Fremantle,1/08/2019,0,125,91,61,843,211,0,181,64
Fremantle,1/09/2019,0,90,59,56,925,240,8,145,13
Fremantle,1/10/2019,0,135,91,63,827,242,3,216,35
Fremantle,1/11/2019,0,143,84,63,834,223,4,197,25
Fremantle,1/12/2019,1,130,92,81,814,227,4,218,36
Fremantle,1/01/2020,2,150,75,68,933,167,9,115,13
Fremantle,1/02/2020,1,124,84,77,791,195,13,184,11
Fremantle,1/03/2020,1,145,98,67,873,260,18,171,21
Fremantle,1/04/2020,0,137,65,47,565,203,2,188,23
Fremantle,1/05/2020,0,108,74,36,470,172,7,224,32
Fremantle,1/06/2020,0,98,91,28,448,150,4,175,29
Fremantle,1/07/2020,0,115,91,22,435,140,2,233,28
Fremantle,1/08/2020,0,157,111,31,380,137,6,198,18
Fremantle,1/09/2020,1,159,105,43,466,170,6,186,20
Fremantle,1/10/2020,1,147,84,27,499,206,7,135,18
Fremantle,1/11/2020,0,136,84,42,468,169,6,122,16
Fremantle,1/12/2020,1,143,106,42,495,192,11,185,18
Fremantle,1/01/2021,1,148,129,63,703,222,13,101,18
Fremantle,1/02/2021,0,116,92,48,546,186,10,103,11
Fremantle,1/03/2021,1,137,133,62,718,218,4,152,18
Fremantle,1/04/2021,0,160,105,60,682,174,2,126,53
Fremantle,1/05/2021,1,127,102,49,666,180,6,150,13
Fremantle,1/06/2021,0,128,93,37,774,198,9,127,15
Fremantle,1/07/2021,0,102,84,44,628,181,3,104,12
Fremantle,1/08/2021,0,125,99,36,596,196,3,114,14
Fremantle,1/09/2021,1,131,121,45,694,185,7,88,16
Fremantle,1/10/2021,0,106,94,32,574,173,3,89,8
Fremantle,1/11/2021,0,118,122,40,641,191,6,85,12
Fremantle,1/12/2021,0,156,105,58,584,185,8,84,12
Fremantle,1/01/2022,0,151,103,67,684,191,10,65,18
Fremantle,1/02/2022,0,128,93,55,663,176,3,71,7
Fremantle,1/03/2022,2,138,76,36,670,162,9,92,12
Fremantle,1/04/2022,0,118,90,36,615,188,2,83,15
Fremantle,1/05/2022,2,155,105,53,741,188,7,85,5
Fremantle,1/06/2022,0,130,108,52,704,176,0,85,11
Fremantle,1/07/2022,0,111,93,30,691,189,4,126,12
Fremantle,1/08/2022,0,127,64,29,647,151,6,111,16
Fremantle,1/09/2022,0,122,83,44,811,190,2,107,17
Fremantle,1/10/2022,0,128,120,60,810,230,8,78,14
Fremantle,1/11/2022,0,143,110,45,715,198,7,127,15
Fremantle,1/12/2022,1,165,141,45,810,218,20,107,9
Joondalup,1/01/2007,3,70,54,58,619,364,13,125,12
Joondalup,1/02/2007,1,57,78,42,542,308,13,96,8
Joondalup,1/03/2007,2,65,113,62,583,357,7,110,15
Joondalup,1/04/2007,0,53,89,42,531,350,5,103,23
Joondalup,1/05/2007,1,43,76,50,595,345,16,184,21
Joondalup,1/06/2007,0,47,111,42,557,318,8,192,18
Joondalup,1/07/2007,0,49,73,55,584,333,11,169,12
Joondalup,1/08/2007,2,55,77,54,644,351,5,141,10
Joondalup,1/09/2007,2,67,99,58,600,322,6,129,11
Joondalup,1/10/2007,0,57,73,64,641,353,5,108,16
Joondalup,1/11/2007,2,87,100,71,530,343,10,96,10
Joondalup,1/12/2007,1,60,104,52,582,362,18,100,17
Joondalup,1/01/2008,0,68,75,64,617,414,19,81,14
Joondalup,1/02/2008,0,81,100,70,599,360,10,77,9
Joondalup,1/03/2008,0,65,84,63,715,386,14,84,19
Joondalup,1/04/2008,0,53,49,50,658,316,9,133,27
Joondalup,1/05/2008,0,65,123,54,672,334,10,159,8
Joondalup,1/06/2008,2,38,85,61,673,354,5,150,14
Joondalup,1/07/2008,0,41,49,51,714,408,11,106,10
Joondalup,1/08/2008,0,31,99,58,677,332,11,131,19
Joondalup,1/09/2008,1,40,102,65,809,423,9,116,22
Joondalup,1/10/2008,2,43,118,48,692,353,10,187,25
Joondalup,1/11/2008,1,41,104,89,689,409,7,91,8
Joondalup,1/12/2008,0,40,94,60,628,346,14,128,12
Joondalup,1/01/2009,0,47,96,77,762,407,8,104,11
Joondalup,1/02/2009,1,43,78,43,631,331,13,107,18
Joondalup,1/03/2009,0,31,114,57,624,376,14,126,18
Joondalup,1/04/2009,2,30,84,66,563,355,28,158,16
Joondalup,1/05/2009,0,41,91,55,585,377,9,141,15
Joondalup,1/06/2009,0,57,75,46,602,328,6,114,13
Joondalup,1/07/2009,0,54,53,44,559,310,10,189,39
Joondalup,1/08/2009,0,42,100,65,498,286,8,123,17
Joondalup,1/09/2009,2,41,86,49,492,304,14,133,23
Joondalup,1/10/2009,4,49,94,55,613,314,22,117,20
Joondalup,1/11/2009,2,53,107,46,539,328,16,113,14
Joondalup,1/12/2009,0,63,76,42,570,300,22,127,17
Joondalup,1/01/2010,0,58,74,68,582,292,7,91,15
Joondalup,1/02/2010,1,38,88,66,612,261,7,104,19
Joondalup,1/03/2010,0,57,96,56,546,288,4,112,18
Joondalup,1/04/2010,0,34,75,48,491,236,5,115,19
Joondalup,1/05/2010,0,38,80,44,514,250,5,116,19
Joondalup,1/06/2010,0,45,66,35,455,239,4,123,7
Joondalup,1/07/2010,0,39,62,49,492,238,11,92,9
Joondalup,1/08/2010,0,27,71,49,481,249,16,83,2
Joondalup,1/09/2010,0,51,97,46,562,310,4,101,22
Joondalup,1/10/2010,0,91,98,44,508,318,16,83,20
Joondalup,1/11/2010,2,65,75,38,548,253,6,94,11
Joondalup,1/12/2010,1,80,80,67,525,343,9,80,10
Joondalup,1/01/2011,0,74,98,94,628,353,11,78,17
Joondalup,1/02/2011,0,78,94,68,577,277,12,76,13
Joondalup,1/03/2011,1,86,115,72,693,294,17,124,25
Joondalup,1/04/2011,2,84,96,58,619,276,10,95,16
Joondalup,1/05/2011,0,74,75,57,610,290,6,114,16
Joondalup,1/06/2011,1,74,78,56,612,290,3,95,9
Joondalup,1/07/2011,0,95,72,69,663,231,6,103,11
Joondalup,1/08/2011,0,68,102,79,685,265,6,124,35
Joondalup,1/09/2011,0,76,75,63,769,235,14,130,29
Joondalup,1/10/2011,0,90,101,78,675,270,12,85,16
Joondalup,1/11/2011,0,99,91,56,691,270,11,118,13
Joondalup,1/12/2011,3,158,89,75,711,315,8,78,19
Joondalup,1/01/2012,0,174,106,93,763,348,26,153,32
Joondalup,1/02/2012,0,119,101,69,760,316,12,86,19
Joondalup,1/03/2012,2,101,117,56,659,283,18,110,13
Joondalup,1/04/2012,0,103,100,61,714,285,9,136,33
Joondalup,1/05/2012,0,107,83,66,766,288,7,91,10
Joondalup,1/06/2012,1,98,82,66,657,269,9,111,15
Joondalup,1/07/2012,2,109,66,74,722,279,7,137,40
Joondalup,1/08/2012,1,83,112,80,751,254,6,144,17
Joondalup,1/09/2012,1,119,68,88,658,273,10,124,24
Joondalup,1/10/2012,1,105,88,95,695,307,6,137,21
Joondalup,1/11/2012,0,118,108,74,723,271,5,158,20
Joondalup,1/12/2012,0,139,101,78,624,266,13,102,13
Joondalup,1/01/2013,1,139,104,75,732,348,10,121,27
Joondalup,1/02/2013,2,106,86,74,594,297,11,107,66
Joondalup,1/03/2013,0,128,103,93,710,305,8,166,59
Joondalup,1/04/2013,1,120,68,58,672,245,6,115,20
Joondalup,1/05/2013,2,93,69,56,730,239,6,109,18
Joondalup,1/06/2013,1,109,62,71,610,223,3,114,19
Joondalup,1/07/2013,1,94,75,62,529,239,15,149,25
Joondalup,1/08/2013,0,93,83,68,663,245,12,96,22
Joondalup,1/09/2013,0,81,65,55,513,229,12,109,16
Joondalup,1/10/2013,1,94,81,68,656,231,5,100,25
Joondalup,1/11/2013,1,112,102,67,654,260,6,114,22
Joondalup,1/12/2013,5,142,66,67,617,225,9,128,14
Joondalup,1/01/2014,0,112,75,71,714,253,18,87,21
Joondalup,1/02/2014,0,132,88,53,645,216,11,160,24
Joondalup,1/03/2014,0,108,71,71,707,247,7,242,44
Joondalup,1/04/2014,0,103,72,78,620,207,6,178,38
Joondalup,1/05/2014,1,69,50,48,654,187,13,251,27
Joondalup,1/06/2014,0,84,54,53,749,197,4,122,22
Joondalup,1/07/2014,0,103,60,56,723,219,16,185,14
Joondalup,1/08/2014,0,106,63,51,664,237,11,191,37
Joondalup,1/09/2014,3,72,64,59,689,248,18,180,23
Joondalup,1/10/2014,0,80,72,67,872,263,13,159,37
Joondalup,1/11/2014,0,110,77,66,776,234,14,171,32
Joondalup,1/12/2014,0,117,69,64,783,260,23,196,38
Joondalup,1/01/2015,0,97,74,60,796,316,14,185,26
Joondalup,1/02/2015,1,108,79,66,696,217,12,196,41
Joondalup,1/03/2015,1,125,91,66,787,220,10,176,31
Joondalup,1/04/2015,0,136,58,61,802,228,11,204,31
Joondalup,1/05/2015,0,134,49,69,676,256,6,324,46
Joondalup,1/06/2015,0,136,71,92,807,245,7,337,75
Joondalup,1/07/2015,0,121,74,65,788,236,7,330,38
Joondalup,1/08/2015,2,170,74,75,753,234,15,312,33
Joondalup,1/09/2015,1,162,54,78,721,234,5,328,50
Joondalup,1/10/2015,1,129,67,74,849,232,11,306,31
Joondalup,1/11/2015,0,197,74,63,753,254,8,310,36
Joondalup,1/12/2015,0,192,83,90,673,261,17,273,28
Joondalup,1/01/2016,1,215,76,87,738,232,7,272,26
Joondalup,1/02/2016,1,174,88,79,733,249,5,429,40
Joondalup,1/03/2016,0,231,88,91,691,216,12,372,86
Joondalup,1/04/2016,2,168,58,75,799,257,8,401,40
Joondalup,1/05/2016,1,200,58,73,738,246,6,322,54
Joondalup,1/06/2016,0,124,85,69,774,203,4,292,38
Joondalup,1/07/2016,0,178,58,48,624,214,4,355,40
Joondalup,1/08/2016,1,122,78,61,672,234,4,365,41
Joondalup,1/09/2016,4,148,72,69,632,220,16,361,42
Joondalup,1/10/2016,3,124,66,58,703,229,5,270,37
Joondalup,1/11/2016,0,107,74,78,818,243,7,398,47
Joondalup,1/12/2016,4,140,79,55,650,233,19,297,43
Joondalup,1/01/2017,2,112,73,66,753,231,4,202,29
Joondalup,1/02/2017,0,122,68,53,702,187,11,250,29
Joondalup,1/03/2017,0,103,80,60,713,243,7,308,43
Joondalup,1/04/2017,0,120,65,40,664,189,6,302,60
Joondalup,1/05/2017,0,114,62,76,777,190,3,304,26
Joondalup,1/06/2017,0,103,79,71,652,178,13,259,32
Joondalup,1/07/2017,0,102,49,34,544,161,3,232,27
Joondalup,1/08/2017,0,97,74,39,596,161,4,326,68
Joondalup,1/09/2017,1,91,68,40,560,193,5,276,43
Joondalup,1/10/2017,0,91,60,39,606,177,5,216,17
Joondalup,1/11/2017,1,115,79,46,638,191,7,327,39
Joondalup,1/12/2017,1,125,83,59,646,198,19,207,19
Joondalup,1/01/2018,1,135,66,52,700,180,8,283,25
Joondalup,1/02/2018,0,115,77,56,641,169,12,257,31
Joondalup,1/03/2018,0,100,82,64,684,199,5,346,31
Joondalup,1/04/2018,0,110,71,39,589,168,7,272,35
Joondalup,1/05/2018,0,72,74,43,676,161,3,367,29
Joondalup,1/06/2018,0,115,73,42,633,166,4,293,36
Joondalup,1/07/2018,0,108,58,35,664,156,3,307,30
Joondalup,1/08/2018,0,112,66,46,688,171,7,298,46
Joondalup,1/09/2018,0,98,81,51,628,198,5,306,42
Joondalup,1/10/2018,1,99,72,55,676,198,6,275,58
Joondalup,1/11/2018,0,110,73,69,680,202,8,239,31
Joondalup,1/12/2018,2,116,74,46,626,192,6,233,26
Joondalup,1/01/2019,0,140,66,60,767,208,14,202,34
Joondalup,1/02/2019,0,121,69,43,629,175,6,237,39
Joondalup,1/03/2019,0,121,84,46,646,198,7,242,38
Joondalup,1/04/2019,0,105,70,65,626,183,20,228,38
Joondalup,1/05/2019,2,114,84,50,848,168,5,263,37
Joondalup,1/06/2019,0,83,62,63,625,138,5,231,54
Joondalup,1/07/2019,0,91,50,47,645,141,5,281,30
Joondalup,1/08/2019,0,89,68,45,720,177,9,330,33
Joondalup,1/09/2019,0,119,68,61,690,189,7,287,22
Joondalup,1/10/2019,0,118,66,44,735,204,9,355,34
Joondalup,1/11/2019,1,103,71,45,643,178,9,297,27
Joondalup,1/12/2019,0,145,67,52,654,208,8,265,48
Joondalup,1/01/2020,0,120,77,56,725,212,17,198,35
Joondalup,1/02/2020,0,155,82,46,703,187,6,203,44
Joondalup,1/03/2020,1,139,51,39,600,208,12,253,25
Joondalup,1/04/2020,2,147,59,30,405,194,8,331,21
Joondalup,1/05/2020,0,100,58,21,378,159,6,358,41
Joondalup,1/06/2020,1,113,71,30,341,174,7,312,23
Joondalup,1/07/2020,1,129,74,24,327,126,8,298,59
Joondalup,1/08/2020,0,115,85,27,307,143,3,302,34
Joondalup,1/09/2020,4,108,122,31,343,167,6,283,41
Joondalup,1/10/2020,0,122,85,39,399,160,2,238,40
Joondalup,1/11/2020,1,140,69,25,338,164,7,218,27
Joondalup,1/12/2020,1,158,65,42,362,201,5,205,25
Joondalup,1/01/2021,3,164,65,39,446,205,5,235,32
Joondalup,1/02/2021,0,150,76,40,399,136,3,193,29
Joondalup,1/03/2021,2,150,85,38,418,175,7,276,36
Joondalup,1/04/2021,2,119,89,33,359,137,4,213,14
Joondalup,1/05/2021,1,147,73,44,453,191,4,255,29
Joondalup,1/06/2021,1,158,81,30,383,171,5,239,18
Joondalup,1/07/2021,0,149,100,39,352,204,3,220,40
Joondalup,1/08/2021,0,121,94,20,420,193,5,184,30
Joondalup,1/09/2021,1,143,84,19,386,168,2,160,12
Joondalup,1/10/2021,0,137,76,28,470,187,8,204,22
Joondalup,1/11/2021,1,139,76,40,437,168,5,232,23
Joondalup,1/12/2021,0,146,108,23,429,194,22,198,30
Joondalup,1/01/2022,3,152,72,38,500,202,9,165,9
Joondalup,1/02/2022,0,100,81,37,411,146,7,129,24
Joondalup,1/03/2022,1,127,89,37,411,163,13,154,21
Joondalup,1/04/2022,0,94,83,34,398,151,4,143,21
Joondalup,1/05/2022,1,102,85,38,483,139,3,120,22
Joondalup,1/06/2022,0,128,87,42,442,120,0,177,20
Joondalup,1/07/2022,3,145,55,26,443,147,5,126,17
Joondalup,1/08/2022,1,134,83,44,439,154,5,173,18
Joondalup,1/09/2022,3,131,101,30,491,205,1,173,23
Joondalup,1/10/2022,0,133,98,27,476,186,3,120,33
Joondalup,1/11/2022,0,143,90,50,516,215,3,180,16
Joondalup,1/12/2022,2,162,88,44,448,201,7,131,21
Mandurah,1/01/2007,1,75,79,51,598,318,16,107,16
Mandurah,1/02/2007,0,61,102,50,531,264,10,99,14
Mandurah,1/03/2007,0,80,103,44,571,347,9,100,9
Mandurah,1/04/2007,0,59,94,41,524,272,8,130,8
Mandurah,1/05/2007,2,61,94,42,565,290,4,160,10
Mandurah,1/06/2007,0,63,81,53,491,272,8,144,17
Mandurah,1/07/2007,5,31,82,66,561,288,5,191,16
Mandurah,1/08/2007,1,62,72,57,501,302,7,179,19
Mandurah,1/09/2007,0,52,78,57,629,260,7,133,18
Mandurah,1/10/2007,1,49,81,70,740,350,15,147,17
Mandurah,1/11/2007,2,64,100,60,773,323,11,85,13
Mandurah,1/12/2007,3,54,110,53,649,312,12,103,20
Mandurah,1/01/2008,0,63,105,65,697,386,14,123,31
Mandurah,1/02/2008,0,41,98,64,669,321,12,112,10
Mandurah,1/03/2008,1,58,101,72,727,339,9,132,22
Mandurah,1/04/2008,0,45,78,75,755,374,6,119,10
Mandurah,1/05/2008,0,43,89,69,771,329,15,151,11
Mandurah,1/06/2008,4,48,74,73,699,303,7,129,23
Mandurah,1/07/2008,0,47,62,67,731,312,10,164,21
Mandurah,1/08/2008,1,47,93,49,635,294,6,174,24
Mandurah,1/09/2008,2,46,100,52,591,292,12,169,21
Mandurah,1/10/2008,0,54,118,52,638,349,10,99,19
Mandurah,1/11/2008,0,61,111,57,555,332,11,102,22
Mandurah,1/12/2008,0,61,93,37,582,341,10,101,24
Mandurah,1/01/2009,2,56,122,57,721,326,18,80,2
Mandurah,1/02/2009,0,61,116,62,583,311,16,143,22
Mandurah,1/03/2009,1,49,105,67,634,355,18,135,19
Mandurah,1/04/2009,0,50,92,53,580,301,7,96,16
Mandurah,1/05/2009,1,62,79,54,579,316,15,106,18
Mandurah,1/06/2009,0,49,79,50,587,361,24,119,23
Mandurah,1/07/2009,1,48,92,47,488,281,7,116,15
Mandurah,1/08/2009,0,45,126,63,487,278,16,94,9
Mandurah,1/09/2009,0,48,83,42,499,278,12,121,23
Mandurah,1/10/2009,4,62,93,56,494,309,7,127,11
Mandurah,1/11/2009,0,48,79,48,447,288,5,108,22
Mandurah,1/12/2009,0,55,87,46,455,296,4,81,9
Mandurah,1/01/2010,0,65,116,55,605,322,12,105,15
Mandurah,1/02/2010,0,61,78,68,484,256,7,82,8
Mandurah,1/03/2010,2,48,113,78,560,269,12,127,14
Mandurah,1/04/2010,0,42,97,41,461,256,1,113,18
Mandurah,1/05/2010,0,55,71,58,441,237,10,114,17
Mandurah,1/06/2010,1,49,76,87,481,210,2,156,15
Mandurah,1/07/2010,0,74,85,58,457,251,7,83,14
Mandurah,1/08/2010,1,77,109,48,506,251,6,146,17
Mandurah,1/09/2010,0,84,59,51,434,209,10,142,25
Mandurah,1/10/2010,1,104,94,68,520,293,25,83,13
Mandurah,1/11/2010,1,83,90,48,580,274,7,49,13
Mandurah,1/12/2010,0,120,117,50,485,276,11,71,11
Mandurah,1/01/2011,1,116,114,61,571,311,9,55,16
Mandurah,1/02/2011,2,114,109,53,536,242,3,71,8
Mandurah,1/03/2011,0,79,104,67,624,279,10,227,30
Mandurah,1/04/2011,1,71,87,67,544,268,2,106,11
Mandurah,1/05/2011,3,85,96,50,608,268,5,95,13
Mandurah,1/06/2011,0,75,76,56,553,226,4,68,14
Mandurah,1/07/2011,0,87,67,77,524,333,4,133,16
Mandurah,1/08/2011,0,70,90,63,529,314,2,85,13
Mandurah,1/09/2011,0,64,89,71,512,223,9,137,21
Mandurah,1/10/2011,0,112,90,55,533,257,8,84,9
Mandurah,1/11/2011,0,79,97,68,589,254,13,92,10
Mandurah,1/12/2011,2,105,83,69,503,274,5,81,15
Mandurah,1/01/2012,0,105,121,88,569,283,10,82,34
Mandurah,1/02/2012,2,107,99,103,608,270,17,118,31
Mandurah,1/03/2012,0,99,99,96,589,243,12,115,38
Mandurah,1/04/2012,0,94,71,87,674,229,6,129,38
Mandurah,1/05/2012,2,105,66,82,648,241,2,139,25
Mandurah,1/06/2012,1,83,73,69,484,217,7,109,20
Mandurah,1/07/2012,1,79,64,63,512,250,7,106,14
Mandurah,1/08/2012,0,98,72,82,627,231,8,146,36
Mandurah,1/09/2012,0,76,79,68,603,241,12,82,34
Mandurah,1/10/2012,0,116,108,132,776,296,5,87,15
Mandurah,1/11/2012,0,137,86,97,674,237,11,118,14
Mandurah,1/12/2012,0,162,106,117,791,348,11,92,29
Mandurah,1/01/2013,0,138,102,105,757,324,16,109,22
Mandurah,1/02/2013,0,115,119,84,786,227,12,80,16
Mandurah,1/03/2013,1,151,94,68,687,280,8,81,33
Mandurah,1/04/2013,1,142,86,85,583,249,9,109,45
Mandurah,1/05/2013,1,116,84,75,702,257,5,133,21
Mandurah,1/06/2013,0,142,79,61,769,257,15,89,28
Mandurah,1/07/2013,0,125,54,65,728,297,11,143,25
Mandurah,1/08/2013,0,141,88,83,766,258,6,194,31
Mandurah,1/09/2013,2,178,88,99,690,234,13,157,39
Mandurah,1/10/2013,0,130,87,74,738,288,13,210,37
Mandurah,1/11/2013,0,166,92,70,749,306,8,125,32
Mandurah,1/12/2013,0,152,72,83,822,305,13,116,18
Mandurah,1/01/2014,0,155,100,100,875,370,14,105,32
Mandurah,1/02/2014,0,151,101,94,692,274,15,154,36
Mandurah,1/03/2014,2,153,87,95,741,274,15,160,35
Mandurah,1/04/2014,1,145,82,80,611,228,9,145,18
Mandurah,1/05/2014,0,145,82,67,761,242,5,147,26
Mandurah,1/06/2014,0,143,79,63,682,219,6,155,19
Mandurah,1/07/2014,0,151,81,68,634,257,10,183,34
Mandurah,1/08/2014,1,140,80,62,622,264,6,162,37
Mandurah,1/09/2014,0,147,72,67,687,264,9,185,20
Mandurah,1/10/2014,0,145,93,68,759,285,8,170,41
Mandurah,1/11/2014,2,163,96,65,766,271,8,179,44
Mandurah,1/12/2014,0,202,94,66,794,282,9,231,37
Mandurah,1/01/2015,0,219,115,88,909,326,17,232,37
Mandurah,1/02/2015,0,173,118,63,784,253,25,134,40
Mandurah,1/03/2015,0,185,100,56,732,297,15,210,51
Mandurah,1/04/2015,0,157,71,66,739,277,18,226,30
Mandurah,1/05/2015,2,169,79,72,722,263,12,267,71
Mandurah,1/06/2015,1,154,86,67,801,272,5,203,39
Mandurah,1/07/2015,1,178,90,90,790,262,14,212,48
Mandurah,1/08/2015,0,171,105,87,777,279,7,233,41
Mandurah,1/09/2015,1,189,86,86,648,314,10,318,49
Mandurah,1/10/2015,1,189,96,97,747,368,9,186,44
Mandurah,1/11/2015,0,208,135,70,835,377,9,257,41
Mandurah,1/12/2015,3,246,104,80,839,355,11,194,31
Mandurah,1/01/2016,0,264,111,82,959,346,18,224,31
Mandurah,1/02/2016,1,234,113,73,925,316,11,235,43
Mandurah,1/03/2016,1,242,125,88,832,350,7,229,46
Mandurah,1/04/2016,1,198,75,67,675,266,9,191,32
Mandurah,1/05/2016,1,186,90,99,792,306,6,262,25
Mandurah,1/06/2016,3,197,94,82,777,310,3,317,64
Mandurah,1/07/2016,0,173,83,67,680,283,9,208,39
Mandurah,1/08/2016,0,140,79,60,724,304,9,336,55
Mandurah,1/09/2016,2,163,86,87,752,286,15,212,44
Mandurah,1/10/2016,1,206,90,103,714,257,6,211,68
Mandurah,1/11/2016,0,248,102,100,749,341,11,251,35
Mandurah,1/12/2016,1,236,139,93,666,365,21,280,69
Mandurah,1/01/2017,2,217,108,107,824,375,19,182,45
Mandurah,1/02/2017,3,199,104,82,706,254,11,227,48
Mandurah,1/03/2017,0,178,135,71,800,294,6,272,52
Mandurah,1/04/2017,0,142,98,66,679,303,6,196,36
Mandurah,1/05/2017,0,185,94,66,684,224,9,220,45
Mandurah,1/06/2017,1,144,89,73,689,242,7,231,55
Mandurah,1/07/2017,2,164,76,70,666,254,5,230,55
Mandurah,1/08/2017,0,170,100,76,678,260,9,301,62
Mandurah,1/09/2017,0,200,74,58,606,244,7,220,38
Mandurah,1/10/2017,2,193,94,53,669,329,11,260,46
Mandurah,1/11/2017,0,199,120,50,631,270,12,269,55
Mandurah,1/12/2017,1,198,107,70,629,272,17,175,26
Mandurah,1/01/2018,0,209,89,72,694,269,16,209,42
Mandurah,1/02/2018,0,179,97,44,625,248,25,190,52
Mandurah,1/03/2018,1,170,108,77,739,246,5,258,58
Mandurah,1/04/2018,2,176,108,58,671,201,7,250,33
Mandurah,1/05/2018,0,153,112,64,811,279,7,276,60
Mandurah,1/06/2018,0,156,62,34,760,208,6,333,60
Mandurah,1/07/2018,1,156,83,68,732,236,3,269,57
Mandurah,1/08/2018,0,144,92,52,634,209,8,356,60
Mandurah,1/09/2018,3,164,74,57,691,232,7,253,54
Mandurah,1/10/2018,1,154,106,73,854,268,8,209,43
Mandurah,1/11/2018,0,162,91,60,765,207,8,206,42
Mandurah,1/12/2018,0,219,94,66,768,286,12,177,22
Mandurah,1/01/2019,0,201,90,82,846,295,11,263,37
Mandurah,1/02/2019,2,157,95,54,763,237,12,129,25
Mandurah,1/03/2019,0,170,89,64,739,280,16,215,39
Mandurah,1/04/2019,2,170,94,69,718,238,8,154,29
Mandurah,1/05/2019,1,131,83,85,824,256,6,280,60
Mandurah,1/06/2019,2,141,79,52,813,229,8,208,16
Mandurah,1/07/2019,0,122,64,63,751,236,8,184,28
Mandurah,1/08/2019,0,150,99,77,777,222,1,274,30
Mandurah,1/09/2019,0,181,106,68,775,235,5,235,34
Mandurah,1/10/2019,1,178,99,64,790,226,8,237,48
Mandurah,1/11/2019,1,182,84,71,758,239,8,190,51
Mandurah,1/12/2019,1,211,114,72,743,189,12,188,21
Mandurah,1/01/2020,1,183,108,58,821,263,22,225,64
Mandurah,1/02/2020,3,183,115,72,759,248,10,142,35
Mandurah,1/03/2020,1,205,120,53,681,242,20,219,43
Mandurah,1/04/2020,1,153,74,40,434,200,5,272,50
Mandurah,1/05/2020,3,165,95,47,439,183,5,219,38
Mandurah,1/06/2020,1,159,118,35,450,173,3,238,27
Mandurah,1/07/2020,1,154,93,24,417,197,6,203,31
Mandurah,1/08/2020,6,162,93,44,317,224,7,191,29
Mandurah,1/09/2020,0,184,86,56,416,165,4,169,37
Mandurah,1/10/2020,0,179,117,41,468,254,6,183,30
Mandurah,1/11/2020,3,191,111,48,489,227,9,155,25
Mandurah,1/12/2020,2,238,87,49,472,219,11,166,47
Mandurah,1/01/2021,1,204,95,54,533,226,13,162,19
Mandurah,1/02/2021,0,171,107,47,503,196,6,121,26
Mandurah,1/03/2021,1,201,122,75,617,229,10,209,57
Mandurah,1/04/2021,1,135,68,55,526,199,11,172,18
Mandurah,1/05/2021,1,155,112,59,502,223,6,134,21
Mandurah,1/06/2021,0,170,97,57,570,182,9,172,39
Mandurah,1/07/2021,1,174,69,52,659,245,6,139,24
Mandurah,1/08/2021,1,179,100,59,646,188,5,148,27
Mandurah,1/09/2021,0,164,86,51,440,232,9,128,35
Mandurah,1/10/2021,1,144,102,61,487,230,3,95,33
Mandurah,1/11/2021,0,182,87,69,564,260,5,90,15
Mandurah,1/12/2021,0,206,127,52,531,205,11,170,19
Mandurah,1/01/2022,0,188,110,57,537,220,7,138,25
Mandurah,1/02/2022,1,201,119,46,518,189,6,139,27
Mandurah,1/03/2022,1,197,120,44,599,188,10,160,20
Mandurah,1/04/2022,2,185,89,37,599,182,8,198,11
Mandurah,1/05/2022,0,196,81,45,594,170,3,170,17
Mandurah,1/06/2022,1,189,92,47,624,188,3,182,34
Mandurah,1/07/2022,0,186,79,35,544,184,7,172,20
Mandurah,1/08/2022,0,195,119,53,618,197,4,175,27
Mandurah,1/09/2022,0,215,93,49,527,214,9,156,30
Mandurah,1/10/2022,0,250,109,37,614,217,4,127,21
Mandurah,1/11/2022,0,239,140,33,619,227,9,155,33
Mandurah,1/12/2022,0,296,128,61,575,208,8,138,32
Midland,1/01/2007,0,73,67,85,539,322,20,132,18
Midland,1/02/2007,0,65,91,41,435,214,12,119,25
Midland,1/03/2007,0,56,88,52,471,245,16,128,9
Midland,1/04/2007,0,50,75,57,487,226,3,161,29
Midland,1/05/2007,2,64,70,49,591,253,7,214,19
Midland,1/06/2007,0,47,61,52,542,288,15,194,27
Midland,1/07/2007,0,53,89,72,481,253,5,112,9
Midland,1/08/2007,0,62,69,48,614,306,7,139,21
Midland,1/09/2007,0,70,82,51,522,276,11,144,13
Midland,1/10/2007,0,45,93,49,523,322,16,78,15
Midland,1/11/2007,2,50,89,51,507,265,16,98,16
Midland,1/12/2007,2,67,89,65,609,335,14,108,18
Midland,1/01/2008,1,81,92,108,592,407,27,44,11
Midland,1/02/2008,1,73,93,93,581,309,18,107,18
Midland,1/03/2008,8,61,71,89,606,300,33,89,11
Midland,1/04/2008,0,58,54,81,533,269,12,120,18
Midland,1/05/2008,0,51,79,64,603,330,7,172,24
Midland,1/06/2008,0,47,76,87,573,283,5,125,15
Midland,1/07/2008,1,66,89,52,560,289,10,123,21
Midland,1/08/2008,1,50,76,60,520,292,6,149,31
Midland,1/09/2008,0,52,80,45,539,309,14,100,8
Midland,1/10/2008,1,51,79,66,616,320,4,117,13
Midland,1/11/2008,2,52,83,40,534,287,17,101,22
Midland,1/12/2008,0,89,68,57,470,280,27,83,16
Midland,1/01/2009,0,82,85,70,532,378,21,94,20
Midland,1/02/2009,0,68,96,68,547,307,7,78,10
Midland,1/03/2009,2,68,112,50,517,337,21,83,14
Midland,1/04/2009,0,72,82,63,478,316,17,116,14
Midland,1/05/2009,0,59,79,68,581,266,35,143,19
Midland,1/06/2009,0,38,67,54,514,274,7,106,4
Midland,1/07/2009,0,44,65,69,467,252,9,159,18
Midland,1/08/2009,0,74,61,43,391,270,11,116,13
Midland,1/09/2009,0,47,56,43,392,244,17,137,7
Midland,1/10/2009,0,57,84,27,497,278,22,103,11
Midland,1/11/2009,0,64,90,28,434,293,8,91,6
Midland,1/12/2009,1,91,78,38,457,301,14,94,24
Midland,1/01/2010,0,80,95,52,422,301,24,58,10
Midland,1/02/2010,1,62,107,29,400,246,17,86,14
Midland,1/03/2010,1,98,97,46,452,261,8,80,17
Midland,1/04/2010,0,51,71,59,405,191,7,156,17
Midland,1/05/2010,2,70,73,43,437,234,6,87,11
Midland,1/06/2010,0,66,68,40,450,219,2,116,28
Midland,1/07/2010,0,65,95,49,435,233,4,80,11
Midland,1/08/2010,0,58,103,48,430,267,17,67,17
Midland,1/09/2010,1,67,80,56,483,280,7,66,12
Midland,1/10/2010,0,64,97,43,506,335,7,82,13
Midland,1/11/2010,1,74,114,62,455,292,11,80,25
Midland,1/12/2010,0,97,91,86,533,345,7,66,23
Midland,1/01/2011,0,102,80,64,532,306,6,52,27
Midland,1/02/2011,2,86,96,47,409,277,9,58,23
Midland,1/03/2011,1,105,128,49,483,329,14,95,15
Midland,1/04/2011,0,98,80,64,497,269,13,102,18
Midland,1/05/2011,1,89,84,51,540,272,4,84,13
Midland,1/06/2011,0,59,78,56,576,294,7,50,9
Midland,1/07/2011,0,61,73,53,536,280,6,81,22
Midland,1/08/2011,1,81,75,57,510,284,7,97,45
Midland,1/09/2011,1,66,73,54,556,262,5,81,26
Midland,1/10/2011,0,105,77,66,564,391,7,98,21
Midland,1/11/2011,0,87,90,63,519,235,6,69,12
Midland,1/12/2011,0,113,91,67,524,264,10,105,20
Midland,1/01/2012,1,102,81,81,576,294,18,221,50
Midland,1/02/2012,0,103,89,52,501,240,11,61,12
Midland,1/03/2012,0,106,82,75,553,224,5,81,23
Midland,1/04/2012,0,89,74,67,510,250,21,110,26
Midland,1/05/2012,2,91,70,62,528,229,8,135,29
Midland,1/06/2012,2,79,74,60,532,231,2,106,20
Midland,1/07/2012,1,77,67,75,481,239,8,73,19
Midland,1/08/2012,2,88,70,66,436,214,6,97,17
Midland,1/09/2012,1,95,74,67,452,263,7,79,11
Midland,1/10/2012,0,100,66,96,608,309,9,88,9
Midland,1/11/2012,0,71,70,51,548,332,10,73,15
Midland,1/12/2012,4,125,89,77,573,263,16,88,11
Midland,1/01/2013,0,125,71,80,544,280,23,79,12
Midland,1/02/2013,0,93,107,94,518,255,9,71,28
Midland,1/03/2013,0,94,74,81,593,205,42,83,18
Midland,1/04/2013,0,109,78,62,591,261,20,95,12
Midland,1/05/2013,0,97,56,65,564,210,4,95,37
Midland,1/06/2013,1,92,73,53,644,206,9,127,25
Midland,1/07/2013,3,101,47,40,497,195,0,114,25
Midland,1/08/2013,0,128,73,39,491,251,4,75,39
Midland,1/09/2013,0,119,67,45,518,211,9,106,17
Midland,1/10/2013,0,108,75,74,601,234,9,87,11
Midland,1/11/2013,1,122,68,57,531,251,20,77,32
Midland,1/12/2013,0,126,70,90,520,220,11,105,26
Midland,1/01/2014,1,127,82,84,623,271,21,113,19
Midland,1/02/2014,0,117,79,64,498,191,19,118,22
Midland,1/03/2014,1,148,89,84,537,251,10,83,21
Midland,1/04/2014,2,107,60,58,524,237,12,126,18
Midland,1/05/2014,1,120,66,67,620,235,6,164,28
Midland,1/06/2014,1,98,67,56,583,255,3,109,23
Midland,1/07/2014,2,105,66,70,559,234,1,113,25
Midland,1/08/2014,0,103,69,68,565,195,8,155,34
Midland,1/09/2014,0,104,62,70,591,220,8,140,32
Midland,1/10/2014,0,135,70,59,586,244,7,131,15
Midland,1/11/2014,0,136,62,68,579,250,14,108,27
Midland,1/12/2014,0,147,91,53,581,243,18,205,38
Midland,1/01/2015,0,144,81,44,689,244,11,168,22
Midland,1/02/2015,2,145,76,65,680,245,3,168,24
Midland,1/03/2015,2,125,106,63,622,265,5,189,51
Midland,1/04/2015,0,180,74,51,595,245,4,180,16
Midland,1/05/2015,1,177,76,69,651,230,3,187,46
Midland,1/06/2015,0,157,79,56,739,297,10,211,37
Midland,1/07/2015,0,163,64,72,612,284,3,208,29
Midland,1/08/2015,0,172,82,75,630,279,8,212,41
Midland,1/09/2015,0,159,98,73,611,247,13,198,32
Midland,1/10/2015,0,201,68,61,606,273,12,172,35
Midland,1/11/2015,3,222,97,42,765,307,2,280,32
Midland,1/12/2015,1,185,80,70,589,222,21,184,23
Midland,1/01/2016,0,229,97,107,620,311,14,164,38
Midland,1/02/2016,0,180,96,51,663,298,15,221,37
Midland,1/03/2016,2,186,110,68,613,266,22,239,41
Midland,1/04/2016,1,148,78,65,535,206,10,177,45
Midland,1/05/2016,2,182,98,56,602,219,7,247,33
Midland,1/06/2016,0,152,97,46,527,304,8,242,34
Midland,1/07/2016,1,164,65,56,547,229,8,354,77
Midland,1/08/2016,0,160,80,46,593,258,4,271,35
Midland,1/09/2016,0,141,51,55,594,213,14,246,41
Midland,1/10/2016,0,179,106,54,608,246,5,248,42
Midland,1/11/2016,2,187,96,76,560,327,12,232,33
Midland,1/12/2016,2,184,105,63,581,259,13,158,20
Midland,1/01/2017,0,167,90,60,625,257,12,204,47
Midland,1/02/2017,1,160,95,46,611,224,8,217,40
Midland,1/03/2017,0,155,93,61,551,260,8,248,38
Midland,1/04/2017,0,161,102,59,500,284,12,230,57
Midland,1/05/2017,0,120,85,67,560,202,12,270,50
Midland,1/06/2017,3,131,94,69,610,177,8,257,38
Midland,1/07/2017,0,136,62,44,530,229,4,227,33
Midland,1/08/2017,0,148,81,39,530,173,4,247,55
Midland,1/09/2017,1,135,83,61,534,194,7,178,35
Midland,1/10/2017,0,159,92,52,595,224,9,159,34
Midland,1/11/2017,0,180,111,57,624,232,8,224,33
Midland,1/12/2017,2,173,90,59,540,222,12,147,23
Midland,1/01/2018,0,153,88,55,549,243,11,198,50
Midland,1/02/2018,0,151,98,54,564,213,15,291,46
Midland,1/03/2018,0,157,84,59,580,189,8,239,49
Midland,1/04/2018,0,110,89,50,559,206,10,169,31
Midland,1/05/2018,0,109,94,61,574,224,4,182,30
Midland,1/06/2018,0,141,81,48,575,219,1,214,42
Midland,1/07/2018,5,135,82,61,578,188,5,130,35
Midland,1/08/2018,2,159,94,45,644,203,5,234,51
Midland,1/09/2018,0,150,64,58,541,199,6,215,37
Midland,1/10/2018,0,151,105,56,641,237,6,171,37
Midland,1/11/2018,2,167,100,61,573,255,10,178,32
Midland,1/12/2018,1,177,81,74,536,230,12,198,37
Midland,1/01/2019,0,197,90,60,529,240,5,200,47
Midland,1/02/2019,0,142,127,72,578,214,9,132,33
Midland,1/03/2019,0,145,135,65,637,256,9,174,34
Midland,1/04/2019,1,133,93,63,571,199,6,211,25
Midland,1/05/2019,0,156,86,52,716,209,2,205,28
Midland,1/06/2019,2,136,62,60,589,165,7,148,32
Midland,1/07/2019,2,144,62,54,691,189,1,185,26
Midland,1/08/2019,0,125,111,60,751,236,7,172,31
Midland,1/09/2019,0,139,97,62,625,198,6,175,33
Midland,1/10/2019,1,147,83,65,688,221,6,173,21
Midland,1/11/2019,0,131,89,74,660,205,11,159,28
Midland,1/12/2019,0,159,127,67,668,212,17,216,23
Midland,1/01/2020,0,182,111,82,686,235,12,167,39
Midland,1/02/2020,0,154,115,83,701,218,13,204,30
Midland,1/03/2020,0,180,87,50,593,213,8,213,38
Midland,1/04/2020,0,143,74,36,455,197,4,198,23
Midland,1/05/2020,4,160,84,27,376,160,4,280,28
Midland,1/06/2020,1,113,88,20,294,173,7,220,26
Midland,1/07/2020,1,137,73,30,313,148,3,176,24
Midland,1/08/2020,1,131,85,24,261,192,6,163,34
Midland,1/09/2020,0,156,97,38,318,175,0,216,28
Midland,1/10/2020,0,188,95,35,360,191,2,155,24
Midland,1/11/2020,1,176,108,27,375,180,3,129,18
Midland,1/12/2020,1,168,72,42,415,156,6,167,26
Midland,1/01/2021,1,174,101,34,441,184,5,149,25
Midland,1/02/2021,0,145,78,40,314,172,15,123,18
Midland,1/03/2021,0,179,98,33,447,205,5,134,22
Midland,1/04/2021,2,152,88,42,397,167,5,164,32
Midland,1/05/2021,0,177,85,41,455,190,2,143,19
Midland,1/06/2021,0,157,94,29,478,172,5,235,25
Midland,1/07/2021,0,190,82,57,456,193,1,146,23
Midland,1/08/2021,2,156,82,33,441,174,6,148,28
Midland,1/09/2021,1,141,86,29,396,154,5,120,22
Midland,1/10/2021,1,151,84,31,378,183,4,126,19
Midland,1/11/2021,1,163,90,59,400,200,7,124,18
Midland,1/12/2021,0,141,79,34,376,198,14,128,12
Midland,1/01/2022,1,145,92,46,446,191,26,85,8
Midland,1/02/2022,0,135,79,49,417,179,6,125,19
Midland,1/03/2022,0,172,101,25,438,156,12,96,15
Midland,1/04/2022,0,144,80,44,478,170,4,150,37
Midland,1/05/2022,2,142,93,43,441,170,5,155,39
Midland,1/06/2022,0,128,97,41,424,177,5,135,21
Midland,1/07/2022,0,139,74,48,442,147,4,139,26
Midland,1/08/2022,2,157,73,42,432,148,2,137,24
Midland,1/09/2022,0,173,78,35,442,176,6,114,20
Midland,1/10/2022,1,150,97,62,450,155,3,120,8
Midland,1/11/2022,0,177,95,37,472,158,4,108,15
Midland,1/12/2022,0,243,92,57,497,205,4,95,26
Mirrabooka,1/01/2007,0,88,107,80,828,379,11,127,13
Mirrabooka,1/02/2007,0,69,111,93,672,375,11,128,13
Mirrabooka,1/03/2007,1,62,126,74,818,359,6,138,22
Mirrabooka,1/04/2007,0,57,93,49,797,343,8,123,22
Mirrabooka,1/05/2007,1,47,63,57,731,329,8,177,20
Mirrabooka,1/06/2007,0,62,83,59,658,312,8,132,15
Mirrabooka,1/07/2007,0,47,60,67,698,309,5,125,19
Mirrabooka,1/08/2007,4,61,99,71,705,339,5,129,15
Mirrabooka,1/09/2007,1,63,82,68,696,301,5,153,11
Mirrabooka,1/10/2007,4,56,84,77,827,379,12,154,17
Mirrabooka,1/11/2007,1,66,110,79,767,378,10,147,20
Mirrabooka,1/12/2007,0,55,108,75,807,346,7,127,16
Mirrabooka,1/01/2008,0,67,117,73,828,378,20,92,15
Mirrabooka,1/02/2008,0,76,107,81,753,379,12,124,13
Mirrabooka,1/03/2008,0,63,93,63,694,337,7,145,35
Mirrabooka,1/04/2008,3,53,98,49,726,299,9,120,24
Mirrabooka,1/05/2008,0,50,101,62,788,334,8,132,18
Mirrabooka,1/06/2008,0,43,94,69,820,356,11,146,21
Mirrabooka,1/07/2008,1,40,104,64,780,304,12,169,24
Mirrabooka,1/08/2008,1,42,114,92,824,334,13,138,18
Mirrabooka,1/09/2008,0,62,99,69,762,310,16,133,16
Mirrabooka,1/10/2008,0,59,102,68,789,345,7,132,19
Mirrabooka,1/11/2008,0,85,122,69,751,328,15,124,24
Mirrabooka,1/12/2008,0,59,94,52,755,332,13,180,27
Mirrabooka,1/01/2009,1,69,116,68,850,370,17,162,14
Mirrabooka,1/02/2009,1,59,128,64,704,323,5,126,18
Mirrabooka,1/03/2009,2,71,120,63,704,377,6,145,18
Mirrabooka,1/04/2009,1,70,75,77,706,285,11,142,15
Mirrabooka,1/05/2009,1,46,116,58,661,296,11,99,8
Mirrabooka,1/06/2009,0,71,88,56,658,314,10,135,11
Mirrabooka,1/07/2009,1,78,88,35,550,304,12,145,15
Mirrabooka,1/08/2009,2,57,98,35,537,254,5,110,15
Mirrabooka,1/09/2009,0,63,86,36,602,283,9,152,25
Mirrabooka,1/10/2009,2,66,124,46,689,308,15,142,23
Mirrabooka,1/11/2009,0,75,123,40,680,335,7,173,23
Mirrabooka,1/12/2009,2,93,131,41,685,319,12,159,15
Mirrabooka,1/01/2010,1,97,106,69,658,368,12,113,22
Mirrabooka,1/02/2010,2,87,89,52,599,268,9,118,18
Mirrabooka,1/03/2010,0,74,108,56,625,257,6,134,13
Mirrabooka,1/04/2010,1,65,73,58,609,254,8,122,15
Mirrabooka,1/05/2010,1,80,85,54,592,254,3,182,26
Mirrabooka,1/06/2010,0,62,77,48,616,291,6,169,11
Mirrabooka,1/07/2010,2,68,77,52,573,281,4,205,14
Mirrabooka,1/08/2010,0,71,102,44,574,267,15,125,17
Mirrabooka,1/09/2010,1,64,89,51,650,261,9,91,13
Mirrabooka,1/10/2010,1,74,90,65,683,294,10,86,15
Mirrabooka,1/11/2010,0,64,72,64,665,293,3,89,11
Mirrabooka,1/12/2010,12,87,81,58,608,288,7,64,13
Mirrabooka,1/01/2011,0,79,74,80,669,307,7,80,3
Mirrabooka,1/02/2011,1,84,79,61,672,266,11,102,13
Mirrabooka,1/03/2011,1,56,101,81,783,337,4,110,21
Mirrabooka,1/04/2011,2,54,70,80,775,282,11,117,10
Mirrabooka,1/05/2011,1,54,104,90,779,251,4,115,14
Mirrabooka,1/06/2011,0,42,63,81,845,314,11,114,18
Mirrabooka,1/07/2011,0,39,74,88,694,301,4,76,15
Mirrabooka,1/08/2011,3,55,74,71,747,320,4,154,35
Mirrabooka,1/09/2011,4,55,84,84,801,335,5,142,32
Mirrabooka,1/10/2011,0,45,94,99,917,381,11,118,10
Mirrabooka,1/11/2011,0,38,76,71,810,319,12,82,23
Mirrabooka,1/12/2011,0,53,94,78,838,292,6,109,10
Mirrabooka,1/01/2012,0,67,89,92,844,294,5,109,28
Mirrabooka,1/02/2012,1,54,67,101,904,338,7,266,42
Mirrabooka,1/03/2012,1,64,99,83,845,278,9,114,18
Mirrabooka,1/04/2012,1,50,76,84,703,285,8,135,19
Mirrabooka,1/05/2012,0,41,81,86,851,279,5,131,23
Mirrabooka,1/06/2012,0,80,62,96,758,262,11,170,36
Mirrabooka,1/07/2012,1,86,63,84,786,275,8,209,23
Mirrabooka,1/08/2012,1,91,88,91,760,261,6,151,33
Mirrabooka,1/09/2012,1,98,82,97,890,276,5,151,26
Mirrabooka,1/10/2012,0,114,97,98,862,346,4,109,24
Mirrabooka,1/11/2012,0,103,91,133,800,289,2,130,26
Mirrabooka,1/12/2012,1,116,85,127,817,305,6,217,36
Mirrabooka,1/01/2013,1,83,92,145,802,283,15,124,31
Mirrabooka,1/02/2013,0,104,86,118,846,283,16,120,24
Mirrabooka,1/03/2013,1,90,98,86,706,249,10,156,35
Mirrabooka,1/04/2013,0,97,86,91,722,226,8,120,18
Mirrabooka,1/05/2013,0,94,75,72,756,235,16,118,30
Mirrabooka,1/06/2013,0,108,95,106,698,230,4,95,13
Mirrabooka,1/07/2013,1,114,57,90,794,236,7,93,15
Mirrabooka,1/08/2013,1,94,64,76,611,213,6,117,25
Mirrabooka,1/09/2013,0,92,76,83,688,209,8,138,25
Mirrabooka,1/10/2013,1,109,64,87,796,248,3,137,28
Mirrabooka,1/11/2013,0,87,83,89,755,217,6,121,20
Mirrabooka,1/12/2013,2,126,81,93,787,224,12,159,30
Mirrabooka,1/01/2014,0,120,77,110,914,231,8,128,26
Mirrabooka,1/02/2014,0,82,59,82,742,226,10,104,11
Mirrabooka,1/03/2014,0,105,86,94,803,252,3,142,22
Mirrabooka,1/04/2014,0,83,48,82,845,247,7,154,50
Mirrabooka,1/05/2014,0,89,81,71,932,240,5,168,24
Mirrabooka,1/06/2014,0,79,72,95,814,242,5,124,29
Mirrabooka,1/07/2014,1,59,53,86,801,241,9,173,30
Mirrabooka,1/08/2014,2,73,79,66,814,226,11,156,26
Mirrabooka,1/09/2014,0,68,69,83,790,237,4,200,30
Mirrabooka,1/10/2014,1,73,68,77,800,235,4,196,40
Mirrabooka,1/11/2014,1,102,51,79,718,227,6,124,16
Mirrabooka,1/12/2014,0,118,84,93,784,271,9,220,24
Mirrabooka,1/01/2015,1,139,68,110,865,283,9,163,23
Mirrabooka,1/02/2015,1,117,78,96,829,248,6,172,31
Mirrabooka,1/03/2015,0,125,93,97,847,261,11,194,39
Mirrabooka,1/04/2015,0,111,65,77,757,221,6,206,37
Mirrabooka,1/05/2015,0,143,73,73,880,254,2,278,39
Mirrabooka,1/06/2015,0,156,69,74,900,263,4,188,42
Mirrabooka,1/07/2015,0,151,78,82,868,267,3,204,29
Mirrabooka,1/08/2015,2,152,70,62,810,231,3,183,31
Mirrabooka,1/09/2015,1,114,81,71,770,254,6,160,37
Mirrabooka,1/10/2015,1,173,91,84,884,270,5,187,35
Mirrabooka,1/11/2015,0,163,101,72,857,284,5,203,39
Mirrabooka,1/12/2015,0,177,102,81,762,330,6,232,48
Mirrabooka,1/01/2016,0,193,91,111,844,340,14,239,32
Mirrabooka,1/02/2016,0,179,75,96,827,298,4,240,45
Mirrabooka,1/03/2016,0,187,61,82,774,264,7,320,24
Mirrabooka,1/04/2016,0,172,74,58,728,267,6,249,39
Mirrabooka,1/05/2016,1,164,67,82,772,270,7,296,32
Mirrabooka,1/06/2016,0,155,65,83,741,293,4,306,36
Mirrabooka,1/07/2016,1,134,71,74,818,265,6,316,29
Mirrabooka,1/08/2016,1,149,83,83,802,334,5,286,30
Mirrabooka,1/09/2016,0,135,71,72,792,235,5,286,47
Mirrabooka,1/10/2016,4,111,86,81,830,287,6,238,32
Mirrabooka,1/11/2016,1,126,72,72,847,255,5,267,35
Mirrabooka,1/12/2016,0,148,73,77,760,303,13,197,31
Mirrabooka,1/01/2017,0,134,102,94,833,321,14,288,34
Mirrabooka,1/02/2017,0,123,74,75,708,274,4,280,33
Mirrabooka,1/03/2017,2,118,68,72,773,242,7,337,62
Mirrabooka,1/04/2017,1,108,86,73,763,244,7,257,24
Mirrabooka,1/05/2017,0,130,90,84,863,240,6,246,31
Mirrabooka,1/06/2017,2,97,85,96,812,204,11,269,71
Mirrabooka,1/07/2017,3,105,60,62,809,208,11,240,25
Mirrabooka,1/08/2017,1,117,84,52,815,227,7,313,60
Mirrabooka,1/09/2017,0,122,75,58,774,204,2,244,41
Mirrabooka,1/10/2017,0,114,81,69,887,237,4,192,19
Mirrabooka,1/11/2017,0,143,78,46,764,248,10,239,35
Mirrabooka,1/12/2017,0,140,96,72,726,241,7,226,38
Mirrabooka,1/01/2018,0,148,94,79,848,247,8,204,24
Mirrabooka,1/02/2018,1,90,93,67,831,207,6,206,26
Mirrabooka,1/03/2018,0,128,89,70,872,207,6,236,27
Mirrabooka,1/04/2018,0,114,91,62,709,177,3,188,40
Mirrabooka,1/05/2018,0,96,87,60,862,183,2,235,31
Mirrabooka,1/06/2018,1,124,65,60,975,182,4,267,39
Mirrabooka,1/07/2018,2,103,64,50,909,191,7,184,20
Mirrabooka,1/08/2018,0,120,65,58,907,189,6,290,31
Mirrabooka,1/09/2018,6,142,73,66,857,191,9,222,48
Mirrabooka,1/10/2018,0,121,70,77,1162,248,3,234,51
Mirrabooka,1/11/2018,0,99,98,80,957,208,3,247,21
Mirrabooka,1/12/2018,1,150,90,72,845,236,6,243,33
Mirrabooka,1/01/2019,0,123,96,61,781,230,7,188,27
Mirrabooka,1/02/2019,1,103,69,66,764,193,4,169,25
Mirrabooka,1/03/2019,0,126,61,56,770,181,10,230,30
Mirrabooka,1/04/2019,1,99,71,75,784,221,2,200,23
Mirrabooka,1/05/2019,1,112,60,60,836,197,7,241,37
Mirrabooka,1/06/2019,1,101,62,63,791,194,5,241,33
Mirrabooka,1/07/2019,0,122,61,47,740,171,2,233,26
Mirrabooka,1/08/2019,1,119,98,59,877,236,5,267,47
Mirrabooka,1/09/2019,1,138,91,69,871,236,4,187,23
Mirrabooka,1/10/2019,0,120,77,67,970,259,4,220,43
Mirrabooka,1/11/2019,2,148,102,67,978,223,4,218,31
Mirrabooka,1/12/2019,0,146,92,77,834,211,7,234,30
Mirrabooka,1/01/2020,2,162,67,80,966,208,17,188,14
Mirrabooka,1/02/2020,0,147,92,70,922,223,7,250,24
Mirrabooka,1/03/2020,1,187,89,51,693,235,9,267,27
Mirrabooka,1/04/2020,0,147,83,33,458,138,6,265,33
Mirrabooka,1/05/2020,0,124,45,30,413,170,1,434,40
Mirrabooka,1/06/2020,0,140,81,36,466,171,4,304,37
Mirrabooka,1/07/2020,0,148,87,38,458,176,2,240,21
Mirrabooka,1/08/2020,1,124,80,25,346,157,8,184,20
Mirrabooka,1/09/2020,0,148,72,33,433,172,7,161,26
Mirrabooka,1/10/2020,0,191,86,41,475,179,3,175,20
Mirrabooka,1/11/2020,1,159,84,34,507,194,4,230,11
Mirrabooka,1/12/2020,0,168,76,38,522,186,4,171,20
Mirrabooka,1/01/2021,1,213,97,39,600,232,5,137,11
Mirrabooka,1/02/2021,0,133,76,33,495,174,8,140,6
Mirrabooka,1/03/2021,0,172,95,56,617,204,8,219,27
Mirrabooka,1/04/2021,0,151,69,47,511,188,8,179,29
Mirrabooka,1/05/2021,0,157,83,45,586,206,5,189,47
Mirrabooka,1/06/2021,0,146,65,56,644,168,2,132,14
Mirrabooka,1/07/2021,1,162,93,47,616,218,7,155,17
Mirrabooka,1/08/2021,1,174,85,39,567,200,6,161,10
Mirrabooka,1/09/2021,1,118,74,30,641,183,7,120,18
Mirrabooka,1/10/2021,1,140,105,31,666,186,12,171,19
Mirrabooka,1/11/2021,0,140,79,35,645,175,7,192,13
Mirrabooka,1/12/2021,0,191,95,48,581,239,3,152,14
Mirrabooka,1/01/2022,0,136,83,56,624,246,10,156,26
Mirrabooka,1/02/2022,1,119,82,49,553,194,11,152,25
Mirrabooka,1/03/2022,1,152,90,58,662,194,9,157,23
Mirrabooka,1/04/2022,0,125,108,56,656,206,7,126,19
Mirrabooka,1/05/2022,0,136,97,53,748,171,2,171,29
Mirrabooka,1/06/2022,2,143,97,45,635,164,8,172,28
Mirrabooka,1/07/2022,0,124,57,51,660,195,5,137,22
Mirrabooka,1/08/2022,0,162,76,58,787,185,3,167,31
Mirrabooka,1/09/2022,0,168,120,51,685,208,6,164,33
Mirrabooka,1/10/2022,0,155,100,72,877,253,6,272,28
Mirrabooka,1/11/2022,1,168,77,59,803,221,5,116,27
Mirrabooka,1/12/2022,0,190,91,61,747,236,4,127,38
Perth,1/01/2007,0,33,186,42,800,275,3,146,20
Perth,1/02/2007,0,24,162,51,753,219,5,153,16
Perth,1/03/2007,0,19,167,48,796,312,2,109,26
Perth,1/04/2007,0,23,176,60,705,239,3,159,24
Perth,1/05/2007,1,16,162,45,760,268,2,206,36
Perth,1/06/2007,0,21,153,35,731,242,3,130,24
Perth,1/07/2007,0,16,169,36,763,267,3,145,27
Perth,1/08/2007,0,12,162,28,754,217,4,146,29
Perth,1/09/2007,1,19,197,33,815,262,0,155,20
Perth,1/10/2007,0,25,190,28,912,309,4,155,22
Perth,1/11/2007,1,21,176,29,875,333,4,121,18
Perth,1/12/2007,1,25,221,40,815,283,10,127,12
Perth,1/01/2008,2,23,203,47,847,300,9,95,22
Perth,1/02/2008,0,21,139,59,768,294,5,115,24
Perth,1/03/2008,1,26,181,40,814,286,3,97,18
Perth,1/04/2008,0,14,172,42,1038,327,4,134,16
Perth,1/05/2008,0,15,161,48,952,258,4,178,16
Perth,1/06/2008,1,20,143,52,1005,282,5,139,12
Perth,1/07/2008,0,17,143,47,861,252,0,163,19
Perth,1/08/2008,1,8,192,45,859,260,3,179,23
Perth,1/09/2008,1,10,162,25,822,241,2,147,19
Perth,1/10/2008,0,25,181,32,864,265,3,143,23
Perth,1/11/2008,1,21,156,39,769,224,4,143,15
Perth,1/12/2008,0,24,172,28,722,241,5,134,17
Perth,1/01/2009,0,41,205,49,734,257,9,257,19
Perth,1/02/2009,2,27,148,47,721,240,9,172,15
Perth,1/03/2009,0,35,183,44,881,298,12,101,14
Perth,1/04/2009,0,19,197,29,721,233,7,208,13
Perth,1/05/2009,0,26,174,41,651,222,9,180,16
Perth,1/06/2009,1,24,149,25,774,272,5,161,20
Perth,1/07/2009,1,34,194,26,704,267,6,159,10
Perth,1/08/2009,1,18,210,36,739,267,4,178,22
Perth,1/09/2009,0,10,172,37,719,214,8,155,21
Perth,1/10/2009,0,24,187,32,748,246,1,143,12
Perth,1/11/2009,1,34,158,23,675,198,2,138,15
Perth,1/12/2009,0,37,162,24,656,199,4,96,11
Perth,1/01/2010,0,33,190,36,659,229,2,114,16
Perth,1/02/2010,0,24,157,20,661,197,3,133,16
Perth,1/03/2010,0,31,149,21,670,187,3,112,26
Perth,1/04/2010,0,23,162,15,521,139,3,126,14
Perth,1/05/2010,0,23,148,22,638,183,1,135,15
Perth,1/06/2010,0,20,149,28,555,170,3,95,7
Perth,1/07/2010,0,16,146,25,550,155,5,230,3
Perth,1/08/2010,2,24,148,26,541,184,4,119,16
Perth,1/09/2010,1,27,164,26,702,201,8,147,6
Perth,1/10/2010,0,21,153,25,666,196,3,106,2
Perth,1/11/2010,0,16,135,33,647,168,0,127,17
Perth,1/12/2010,0,19,195,23,505,181,4,142,17
Perth,1/01/2011,0,38,185,32,593,176,3,85,17
Perth,1/02/2011,0,20,183,31,629,207,2,149,13
Perth,1/03/2011,0,29,156,43,713,193,1,97,15
Perth,1/04/2011,0,20,154,32,649,166,1,106,17
Perth,1/05/2011,0,23,142,45,733,223,6,87,12
Perth,1/06/2011,0,27,127,21,730,173,2,80,5
Perth,1/07/2011,0,16,168,22,732,237,2,84,15
Perth,1/08/2011,1,29,143,25,728,235,1,106,11
Perth,1/09/2011,0,21,126,32,704,188,2,98,8
Perth,1/10/2011,0,37,169,37,732,222,9,107,17
Perth,1/11/2011,0,20,127,29,640,183,1,91,10
Perth,1/12/2011,1,40,155,45,604,150,4,90,10
Perth,1/01/2012,2,41,173,54,662,164,3,93,13
Perth,1/02/2012,0,28,158,48,727,172,8,102,23
Perth,1/03/2012,2,21,160,39,652,193,3,104,13
Perth,1/04/2012,0,33,119,40,638,159,2,81,14
Perth,1/05/2012,0,25,117,27,618,174,2,129,16
Perth,1/06/2012,0,31,148,30,587,172,1,130,13
Perth,1/07/2012,0,26,124,39,642,161,4,101,16
Perth,1/08/2012,1,27,142,46,658,192,1,127,19
Perth,1/09/2012,0,28,130,38,667,185,5,86,16
Perth,1/10/2012,0,27,140,36,637,175,5,120,12
Perth,1/11/2012,0,36,141,32,628,166,3,123,3
Perth,1/12/2012,0,34,153,48,722,191,2,111,16
Perth,1/01/2013,0,35,143,23,630,164,1,169,21
Perth,1/02/2013,0,30,136,40,643,179,4,108,7
Perth,1/03/2013,1,42,162,64,633,169,3,135,15
Perth,1/04/2013,0,41,169,36,656,172,6,152,15
Perth,1/05/2013,2,23,90,39,671,152,1,100,11
Perth,1/06/2013,1,32,132,40,639,153,5,88,15
Perth,1/07/2013,0,26,143,55,684,162,0,107,14
Perth,1/08/2013,0,18,128,33,572,163,3,141,14
Perth,1/09/2013,0,30,129,29,585,155,3,98,13
Perth,1/10/2013,0,20,105,43,717,174,2,117,8
Perth,1/11/2013,0,35,139,37,614,162,2,148,28
Perth,1/12/2013,2,24,135,41,599,147,3,270,22
Perth,1/01/2014,1,27,127,36,705,190,2,160,18
Perth,1/02/2014,0,31,126,37,673,156,1,137,20
Perth,1/03/2014,1,28,152,48,757,207,6,197,22
Perth,1/04/2014,2,14,90,20,573,137,4,214,13
Perth,1/05/2014,0,29,108,33,617,145,2,176,21
Perth,1/06/2014,0,27,111,24,588,152,6,191,28
Perth,1/07/2014,0,24,123,37,672,158,1,151,23
Perth,1/08/2014,0,30,117,34,617,133,5,165,28
Perth,1/09/2014,0,34,103,43,606,140,0,111,15
Perth,1/10/2014,0,34,105,25,619,161,1,136,16
Perth,1/11/2014,1,22,107,50,609,138,2,195,29
Perth,1/12/2014,0,39,131,41,607,148,4,192,16
Perth,1/01/2015,0,40,149,40,697,163,5,189,26
Perth,1/02/2015,0,48,126,37,667,162,8,205,25
Perth,1/03/2015,0,29,168,51,755,159,2,137,15
Perth,1/04/2015,1,46,104,47,696,173,5,149,17
Perth,1/05/2015,2,44,129,32,872,197,6,153,31
Perth,1/06/2015,1,49,131,42,951,214,8,150,17
Perth,1/07/2015,1,26,139,49,907,258,3,204,14
Perth,1/08/2015,2,46,129,49,814,173,1,193,19
Perth,1/09/2015,0,54,118,49,696,153,12,341,21
Perth,1/10/2015,0,47,130,51,869,201,2,199,13
Perth,1/11/2015,0,59,155,40,920,193,3,133,23
Perth,1/12/2015,0,50,156,44,871,180,3,163,16
Perth,1/01/2016,1,66,182,53,922,213,4,183,20
Perth,1/02/2016,0,66,152,44,767,189,9,161,33
Perth,1/03/2016,0,62,132,45,736,192,1,286,22
Perth,1/04/2016,0,57,133,44,797,153,3,167,13
Perth,1/05/2016,0,50,103,38,810,154,8,376,35
Perth,1/06/2016,0,53,105,26,701,191,4,262,22
Perth,1/07/2016,2,35,105,49,734,185,5,282,29
Perth,1/08/2016,1,52,93,34,710,150,2,286,31
Perth,1/09/2016,0,40,118,39,726,182,1,349,31
Perth,1/10/2016,0,49,115,34,739,215,8,273,40
Perth,1/11/2016,0,45,136,43,699,185,3,243,32
Perth,1/12/2016,0,54,166,40,708,175,3,273,31
Perth,1/01/2017,2,76,138,43,746,198,4,260,36
Perth,1/02/2017,0,53,144,36,718,184,1,206,20
Perth,1/03/2017,0,58,141,41,827,239,5,234,21
Perth,1/04/2017,2,77,153,39,814,176,4,207,20
Perth,1/05/2017,0,58,148,31,855,196,4,211,21
Perth,1/06/2017,1,32,120,34,752,182,3,326,38
Perth,1/07/2017,0,59,129,33,815,145,2,309,17
Perth,1/08/2017,0,53,174,27,733,127,0,186,18
Perth,1/09/2017,0,60,138,34,736,159,0,250,24
Perth,1/10/2017,0,49,152,28,798,158,1,196,14
Perth,1/11/2017,1,45,164,36,730,133,4,253,34
Perth,1/12/2017,0,54,150,32,788,193,3,298,23
Perth,1/01/2018,0,63,154,35,781,178,2,211,21
Perth,1/02/2018,0,52,150,37,784,155,5,204,23
Perth,1/03/2018,0,68,204,44,820,149,3,268,26
Perth,1/04/2018,1,71,135,39,741,183,2,232,15
Perth,1/05/2018,0,50,113,47,831,126,3,210,13
Perth,1/06/2018,0,39,142,33,785,135,4,218,29
Perth,1/07/2018,0,64,121,42,723,118,3,235,17
Perth,1/08/2018,1,46,146,43,785,134,3,252,15
Perth,1/09/2018,0,40,169,40,740,136,4,226,17
Perth,1/10/2018,0,44,132,34,912,140,3,222,16
Perth,1/11/2018,0,40,159,43,843,144,1,255,20
Perth,1/12/2018,0,57,210,42,818,157,2,242,13
Perth,1/01/2019,0,77,156,39,775,139,2,223,22
Perth,1/02/2019,1,58,152,31,778,138,2,215,14
Perth,1/03/2019,0,46,168,30,805,150,2,238,17
Perth,1/04/2019,0,48,125,46,833,118,11,174,11
Perth,1/05/2019,1,55,132,43,902,125,5,228,15
Perth,1/06/2019,0,66,144,34,775,122,2,201,15
Perth,1/07/2019,1,44,130,36,876,165,4,229,14
Perth,1/08/2019,1,46,153,35,881,154,2,217,19
Perth,1/09/2019,0,45,152,49,834,134,4,153,19
Perth,1/10/2019,0,48,146,44,965,136,5,187,20
Perth,1/11/2019,1,52,150,29,881,142,2,232,15
Perth,1/12/2019,1,63,169,27,968,128,6,515,23
Perth,1/01/2020,0,64,154,50,1045,146,0,328,17
Perth,1/02/2020,0,67,143,36,920,137,1,210,8
Perth,1/03/2020,0,74,121,23,875,139,7,277,12
Perth,1/04/2020,0,69,57,9,464,92,2,328,14
Perth,1/05/2020,0,65,95,10,410,118,9,348,22
Perth,1/06/2020,1,78,91,31,488,144,3,299,30
Perth,1/07/2020,1,65,174,23,623,128,2,213,21
Perth,1/08/2020,0,86,226,14,459,141,2,232,27
Perth,1/09/2020,0,77,155,16,500,137,3,214,13
Perth,1/10/2020,1,73,151,29,569,139,6,215,22
Perth,1/11/2020,0,70,159,26,580,133,3,167,9
Perth,1/12/2020,0,100,179,34,681,157,4,239,21
Perth,1/01/2021,1,89,187,36,801,193,7,256,29
Perth,1/02/2021,0,88,135,31,608,127,4,232,18
Perth,1/03/2021,0,88,166,39,721,130,5,195,24
Perth,1/04/2021,0,78,139,34,573,108,1,201,28
Perth,1/05/2021,0,85,152,34,731,114,0,207,16
Perth,1/06/2021,0,55,180,27,737,145,4,175,17
Perth,1/07/2021,0,83,172,47,732,149,0,150,11
Perth,1/08/2021,1,83,180,26,722,158,2,148,14
Perth,1/09/2021,3,90,212,40,670,108,5,141,9
Perth,1/10/2021,0,78,215,29,673,159,1,170,20
Perth,1/11/2021,2,84,184,46,643,124,5,127,15
Perth,1/12/2021,0,104,202,33,612,161,3,156,16
Perth,1/01/2022,0,90,147,30,572,141,5,197,24
Perth,1/02/2022,0,63,124,29,584,109,4,128,18
Perth,1/03/2022,0,60,119,27,634,123,3,213,22
Perth,1/04/2022,0,86,141,23,606,121,4,216,17
Perth,1/05/2022,0,73,152,31,655,122,0,209,35
Perth,1/06/2022,0,82,156,26,687,106,1,222,18
Perth,1/07/2022,0,96,194,37,621,122,2,214,23
Perth,1/08/2022,1,69,174,37,643,129,3,238,27
Perth,1/09/2022,0,103,143,27,755,141,0,239,27
Perth,1/10/2022,0,104,167,29,768,142,0,198,21
Perth,1/11/2022,1,101,200,31,811,156,2,248,21
Perth,1/12/2022,0,129,180,37,802,122,5,252,16
South West,1/01/2007,3,70,54,58,619,364,13,125,12
South West,1/02/2007,1,57,78,42,542,308,13,96,8
South West,1/03/2007,2,65,113,62,583,357,7,110,15
South West,1/04/2007,0,53,89,42,531,350,5,103,23
South West,1/05/2007,1,43,76,50,595,345,16,184,21
South West,1/06/2007,0,47,111,42,557,318,8,192,18
South West,1/07/2007,0,49,73,55,584,333,11,169,12
South West,1/08/2007,2,55,77,54,644,351,5,141,10
South West,1/09/2007,2,67,99,58,600,322,6,129,11
South West,1/10/2007,0,57,73,64,641,353,5,108,16
South West,1/11/2007,2,87,100,71,530,343,10,96,10
South West,1/12/2007,1,60,104,52,582,362,18,100,17
South West,1/01/2008,0,68,75,64,617,414,19,81,14
South West,1/02/2008,0,81,100,70,599,360,10,77,9
South West,1/03/2008,0,65,84,63,715,386,14,84,19
South West,1/04/2008,0,53,49,50,658,316,9,133,27
South West,1/05/2008,0,65,123,54,672,334,10,159,8
South West,1/06/2008,2,38,85,61,673,354,5,150,14
South West,1/07/2008,0,41,49,51,714,408,11,106,10
South West,1/08/2008,0,31,99,58,677,332,11,131,19
South West,1/09/2008,1,40,102,65,809,423,9,116,22
South West,1/10/2008,2,43,118,48,692,353,10,187,25
South West,1/11/2008,1,41,104,89,689,409,7,91,8
South West,1/12/2008,0,40,94,60,628,346,14,128,12
South West,1/01/2009,0,47,96,77,762,407,8,104,11
South West,1/02/2009,1,43,78,43,631,331,13,107,18
South West,1/03/2009,0,31,114,57,624,376,14,126,18
South West,1/04/2009,2,30,84,66,563,355,28,158,16
South West,1/05/2009,0,41,91,55,585,377,9,141,15
South West,1/06/2009,0,57,75,46,602,328,6,114,13
South West,1/07/2009,0,54,53,44,559,310,10,189,39
South West,1/08/2009,0,42,100,65,498,286,8,123,17
South West,1/09/2009,2,41,86,49,492,304,14,133,23
South West,1/10/2009,4,49,94,55,613,314,22,117,20
South West,1/11/2009,2,53,107,46,539,328,16,113,14
South West,1/12/2009,0,63,76,42,570,300,22,127,17
South West,1/01/2010,0,58,74,68,582,292,7,91,15
South West,1/02/2010,1,38,88,66,612,261,7,104,19
South West,1/03/2010,0,57,96,56,546,288,4,112,18
South West,1/04/2010,0,34,75,48,491,236,5,115,19
South West,1/05/2010,0,38,80,44,514,250,5,116,19
South West,1/06/2010,0,45,66,35,455,239,4,123,7
South West,1/07/2010,0,39,62,49,492,238,11,92,9
South West,1/08/2010,0,27,71,49,481,249,16,83,2
South West,1/09/2010,0,51,97,46,562,310,4,101,22
South West,1/10/2010,0,91,98,44,508,318,16,83,20
South West,1/11/2010,2,65,75,38,548,253,6,94,11
South West,1/12/2010,1,80,80,67,525,343,9,80,10
South West,1/01/2011,0,74,98,94,628,353,11,78,17
South West,1/02/2011,0,78,94,68,577,277,12,76,13
South West,1/03/2011,1,86,115,72,693,294,17,124,25
South West,1/04/2011,2,84,96,58,619,276,10,95,16
South West,1/05/2011,0,74,75,57,610,290,6,114,16
South West,1/06/2011,1,74,78,56,612,290,3,95,9
South West,1/07/2011,0,95,72,69,663,231,6,103,11
South West,1/08/2011,0,68,102,79,685,265,6,124,35
South West,1/09/2011,0,76,75,63,769,235,14,130,29
South West,1/10/2011,0,90,101,78,675,270,12,85,16
South West,1/11/2011,0,99,91,56,691,270,11,118,13
South West,1/12/2011,3,158,89,75,711,315,8,78,19
South West,1/01/2012,0,174,106,93,763,348,26,153,32
South West,1/02/2012,0,119,101,69,760,316,12,86,19
South West,1/03/2012,2,101,117,56,659,283,18,110,13
South West,1/04/2012,0,103,100,61,714,285,9,136,33
South West,1/05/2012,0,107,83,66,766,288,7,91,10
South West,1/06/2012,1,98,82,66,657,269,9,111,15
South West,1/07/2012,2,109,66,74,722,279,7,137,40
South West,1/08/2012,1,83,112,80,751,254,6,144,17
South West,1/09/2012,1,119,68,88,658,273,10,124,24
South West,1/10/2012,1,105,88,95,695,307,6,137,21
South West,1/11/2012,0,118,108,74,723,271,5,158,20
South West,1/12/2012,0,139,101,78,624,266,13,102,13
South West,1/01/2013,1,139,104,75,732,348,10,121,27
South West,1/02/2013,2,106,86,74,594,297,11,107,66
South West,1/03/2013,0,128,103,93,710,305,8,166,59
South West,1/04/2013,1,120,68,58,672,245,6,115,20
South West,1/05/2013,2,93,69,56,730,239,6,109,18
South West,1/06/2013,1,109,62,71,610,223,3,114,19
South West,1/07/2013,1,94,75,62,529,239,15,149,25
South West,1/08/2013,0,93,83,68,663,245,12,96,22
South West,1/09/2013,0,81,65,55,513,229,12,109,16
South West,1/10/2013,1,94,81,68,656,231,5,100,25
South West,1/11/2013,1,112,102,67,654,260,6,114,22
South West,1/12/2013,5,142,66,67,617,225,9,128,14
South West,1/01/2014,0,112,75,71,714,253,18,87,21
South West,1/02/2014,0,132,88,53,645,216,11,160,24
South West,1/03/2014,0,108,71,71,707,247,7,242,44
South West,1/04/2014,0,103,72,78,620,207,6,178,38
South West,1/05/2014,1,69,50,48,654,187,13,251,27
South West,1/06/2014,0,84,54,53,749,197,4,122,22
South West,1/07/2014,0,103,60,56,723,219,16,185,14
South West,1/08/2014,0,106,63,51,664,237,11,191,37
South West,1/09/2014,3,72,64,59,689,248,18,180,23
South West,1/10/2014,0,80,72,67,872,263,13,159,37
South West,1/11/2014,0,110,77,66,776,234,14,171,32
South West,1/12/2014,0,117,69,64,783,260,23,196,38
South West,1/01/2015,0,97,74,60,796,316,14,185,26
South West,1/02/2015,1,108,79,66,696,217,12,196,41
South West,1/03/2015,1,125,91,66,787,220,10,176,31
South West,1/04/2015,0,136,58,61,802,228,11,204,31
South West,1/05/2015,0,134,49,69,676,256,6,324,46
South West,1/06/2015,0,136,71,92,807,245,7,337,75
South West,1/07/2015,0,121,74,65,788,236,7,330,38
South West,1/08/2015,2,170,74,75,753,234,15,312,33
South West,1/09/2015,1,162,54,78,721,234,5,328,50
South West,1/10/2015,1,129,67,74,849,232,11,306,31
South West,1/11/2015,0,197,74,63,753,254,8,310,36
South West,1/12/2015,0,192,83,90,673,261,17,273,28
South West,1/01/2016,1,215,76,87,738,232,7,272,26
South West,1/02/2016,1,174,88,79,733,249,5,429,40
South West,1/03/2016,0,231,88,91,691,216,12,372,86
South West,1/04/2016,2,168,58,75,799,257,8,401,40
South West,1/05/2016,1,200,58,73,738,246,6,322,54
South West,1/06/2016,0,124,85,69,774,203,4,292,38
South West,1/07/2016,0,178,58,48,624,214,4,355,40
South West,1/08/2016,1,122,78,61,672,234,4,365,41
South West,1/09/2016,4,148,72,69,632,220,16,361,42
South West,1/10/2016,3,124,66,58,703,229,5,270,37
South West,1/11/2016,0,107,74,78,818,243,7,398,47
South West,1/12/2016,4,140,79,55,650,233,19,297,43
South West,1/01/2017,2,112,73,66,753,231,4,202,29
South West,1/02/2017,0,122,68,53,702,187,11,250,29
South West,1/03/2017,0,103,80,60,713,243,7,308,43
South West,1/04/2017,0,120,65,40,664,189,6,302,60
South West,1/05/2017,0,114,62,76,777,190,3,304,26
South West,1/06/2017,0,103,79,71,652,178,13,259,32
South West,1/07/2017,0,102,49,34,544,161,3,232,27
South West,1/08/2017,0,97,74,39,596,161,4,326,68
South West,1/09/2017,1,91,68,40,560,193,5,276,43
South West,1/10/2017,0,91,60,39,606,177,5,216,17
South West,1/11/2017,1,115,79,46,638,191,7,327,39
South West,1/12/2017,1,125,83,59,646,198,19,207,19
South West,1/01/2018,1,135,66,52,700,180,8,283,25
South West,1/02/2018,0,115,77,56,641,169,12,257,31
South West,1/03/2018,0,100,82,64,684,199,5,346,31
South West,1/04/2018,0,110,71,39,589,168,7,272,35
South West,1/05/2018,0,72,74,43,676,161,3,367,29
South West,1/06/2018,0,115,73,42,633,166,4,293,36
South West,1/07/2018,0,108,58,35,664,156,3,307,30
South West,1/08/2018,0,112,66,46,688,171,7,298,46
South West,1/09/2018,0,98,81,51,628,198,5,306,42
South West,1/10/2018,1,99,72,55,676,198,6,275,58
South West,1/11/2018,0,110,73,69,680,202,8,239,31
South West,1/12/2018,2,116,74,46,626,192,6,233,26
South West,1/01/2019,0,140,66,60,767,208,14,202,34
South West,1/02/2019,0,121,69,43,629,175,6,237,39
South West,1/03/2019,0,121,84,46,646,198,7,242,38
South West,1/04/2019,0,105,70,65,626,183,20,228,38
South West,1/05/2019,2,114,84,50,848,168,5,263,37
South West,1/06/2019,0,83,62,63,625,138,5,231,54
South West,1/07/2019,0,91,50,47,645,141,5,281,30
South West,1/08/2019,0,89,68,45,720,177,9,330,33
South West,1/09/2019,0,119,68,61,690,189,7,287,22
South West,1/10/2019,0,118,66,44,735,204,9,355,34
South West,1/11/2019,1,103,71,45,643,178,9,297,27
South West,1/12/2019,0,145,67,52,654,208,8,265,48
South West,1/01/2020,0,120,77,56,725,212,17,198,35
South West,1/02/2020,0,155,82,46,703,187,6,203,44
South West,1/03/2020,1,139,51,39,600,208,12,253,25
South West,1/04/2020,2,147,59,30,405,194,8,331,21
South West,1/05/2020,0,100,58,21,378,159,6,358,41
South West,1/06/2020,1,113,71,30,341,174,7,312,23
South West,1/07/2020,1,129,74,24,327,126,8,298,59
South West,1/08/2020,0,115,85,27,307,143,3,302,34
South West,1/09/2020,4,108,122,31,343,167,6,283,41
South West,1/10/2020,0,122,85,39,399,160,2,238,40
South West,1/11/2020,1,140,69,25,338,164,7,218,27
South West,1/12/2020,1,158,65,42,362,201,5,205,25
South West,1/01/2021,3,164,65,39,446,205,5,235,32
South West,1/02/2021,0,150,76,40,399,136,3,193,29
South West,1/03/2021,2,150,85,38,418,175,7,276,36
South West,1/04/2021,2,119,89,33,359,137,4,213,14
South West,1/05/2021,1,147,73,44,453,191,4,255,29
South West,1/06/2021,1,158,81,30,383,171,5,239,18
South West,1/07/2021,0,149,100,39,352,204,3,220,40
South West,1/08/2021,0,121,94,20,420,193,5,184,30
South West,1/09/2021,1,143,84,19,386,168,2,160,12
South West,1/10/2021,0,137,76,28,470,187,8,204,22
South West,1/11/2021,1,139,76,40,437,168,5,232,23
South West,1/12/2021,0,146,108,23,429,194,22,198,30
South West,1/01/2022,3,152,72,38,500,202,9,165,9
South West,1/02/2022,0,100,81,37,411,146,7,129,24
South West,1/03/2022,1,127,89,37,411,163,13,154,21
South West,1/04/2022,0,94,83,34,398,151,4,143,21
South West,1/05/2022,1,102,85,38,483,139,3,120,22
South West,1/06/2022,0,128,87,42,442,120,0,177,20
South West,1/07/2022,3,145,55,26,443,147,5,126,17
South West,1/08/2022,1,134,83,44,439,154,5,173,18
South West,1/09/2022,3,131,101,30,491,205,1,173,23
South West,1/10/2022,0,133,98,27,476,186,3,120,33
South West,1/11/2022,0,143,90,50,516,215,3,180,16
South West,1/12/2022,2,162,88,44,448,201,7,131,21
