District,Station,x,y,longitude,latitude,date,Homicide Total,Assault (Family) Total,Assault (Non-Family) Total,Stealing of Motor Vehicle, Stealing Total, Property Damage Total, Arson Total,Drug Offences Total,Regulated Weapons Offences
Armadale,Armadale,116.0172929,-32.15147671,116.0172929,-32.15147671,1/12/2007,1,65,65,63,507,323,11,80,21
Armadale,Canning Vale,115.9368138,-32.06286601,115.9368138,-32.06286601,1/12/2007,1,65,65,63,507,323,11,80,21
Armadale,Gosnells,116.0034899,-32.07342991,116.0034899,-32.07342991,1/12/2007,1,65,65,63,507,323,11,80,21
Armadale,Mundijong,115.9799239,-32.29805247,115.9799239,-32.29805247,1/12/2007,1,65,65,63,507,323,11,80,21
Armadale,Armadale,116.0172929,-32.15147671,115.9799239,-32.06286601,1/12/2008,0,57,75,27,396,344,11,102,17
Armadale,Canning Vale,115.9368138,-32.06286601,115.9799239,-32.06286601,1/12/2008,0,57,75,27,396,344,11,102,17
Armadale,Gosnells,116.0034899,-32.07342991,115.9799239,-32.07342991,1/12/2008,0,57,75,27,396,344,11,102,17
Armadale,Mundijong,115.9799239,-32.29805247,115.9799239,-32.29805247,1/12/2008,0,57,75,27,396,344,11,102,17
Armadale,Armadale,116.0172929,-32.15147671,115.9799239,-32.06286601,1/12/2009,0,74,124,49,369,304,11,150,16
Armadale,Canning Vale,115.9368138,-32.06286601,115.9799239,-32.06286601,1/12/2009,0,74,124,49,369,304,11,150,16
Armadale,Gosnells,116.0034899,-32.07342991,115.9799239,-32.07342991,1/12/2009,0,74,124,49,369,304,11,150,16
Armadale,Mundijong,115.9799239,-32.29805247,115.9799239,-32.29805247,1/12/2009,0,74,124,49,369,304,11,150,16
Armadale,Armadale,116.0172929,-32.15147671,115.9799239,-32.06286601,1/12/2010,0,91,68,50,422,315,6,69,19
Armadale,Canning Vale,115.9368138,-32.06286601,115.9799239,-32.06286601,1/12/2010,0,91,68,50,422,315,6,69,19
Armadale,Gosnells,116.0034899,-32.07342991,115.9799239,-32.07342991,1/12/2010,0,91,68,50,422,315,6,69,19
Armadale,Mundijong,115.9799239,-32.29805247,115.9799239,-32.29805247,1/12/2010,0,91,68,50,422,315,6,69,19
Armadale,Armadale,116.0172929,-32.15147671,115.9799239,-32.06286601,1/12/2011,1,87,61,64,539,239,8,74,9
Armadale,Canning Vale,115.9368138,-32.06286601,115.9799239,-32.06286601,1/12/2011,1,87,61,64,539,239,8,74,9
Armadale,Gosnells,116.0034899,-32.07342991,115.9799239,-32.07342991,1/12/2011,1,87,61,64,539,239,8,74,9
Armadale,Mundijong,115.9799239,-32.29805247,115.9799239,-32.29805247,1/12/2011,1,87,61,64,539,239,8,74,9
Armadale,Armadale,116.0172929,-32.15147671,115.9368138,-32.06286601,1/12/2012,3,136,79,101,575,244,10,105,11
Armadale,Canning Vale,115.9368138,-32.06286601,115.9368138,-32.06286601,1/12/2012,3,136,79,101,575,244,10,105,11
Armadale,Gosnells,116.0034899,-32.07342991,116.0034899,-32.07342991,1/12/2012,3,136,79,101,575,244,10,105,11
Armadale,Mundijong,115.9799239,-32.29805247,115.9799239,-32.29805247,1/12/2012,3,136,79,101,575,244,10,105,11
Armadale,Armadale,116.0172929,-32.15147671,115.9368138,-32.06286601,1/12/2013,1,125,95,77,502,242,12,88,15
Armadale,Canning Vale,115.9368138,-32.06286601,115.9368138,-32.06286601,1/12/2013,1,125,95,77,502,242,12,88,15
Armadale,Gosnells,116.0034899,-32.07342991,116.0034899,-32.07342991,1/12/2013,1,125,95,77,502,242,12,88,15
Armadale,Mundijong,115.9799239,-32.29805247,115.9799239,-32.29805247,1/12/2013,1,125,95,77,502,242,12,88,15
Armadale,Armadale,116.0172929,-32.15147671,115.9368138,-32.06286601,1/12/2014,0,161,77,57,569,232,14,197,35
Armadale,Canning Vale,115.9368138,-32.06286601,115.9368138,-32.06286601,1/12/2014,0,161,77,57,569,232,14,197,35
Armadale,Gosnells,116.0034899,-32.07342991,116.0034899,-32.07342991,1/12/2014,0,161,77,57,569,232,14,197,35
Armadale,Mundijong,115.9799239,-32.29805247,115.9799239,-32.29805247,1/12/2014,0,161,77,57,569,232,14,197,35
Armadale,Armadale,116.0172929,-32.15147671,115.9368138,-32.06286601,1/12/2015,0,163,89,69,672,288,19,276,48
Armadale,Canning Vale,115.9368138,-32.06286601,115.9368138,-32.06286601,1/12/2015,0,163,89,69,672,288,19,276,48
Armadale,Gosnells,116.0034899,-32.07342991,116.0034899,-32.07342991,1/12/2015,0,163,89,69,672,288,19,276,48
Armadale,Mundijong,115.9799239,-32.29805247,115.9799239,-32.29805247,1/12/2015,0,163,89,69,672,288,19,276,48
Armadale,Armadale,116.0172929,-32.15147671,115.9368138,-32.06286601,1/12/2016,0,205,101,67,673,292,13,233,47
Armadale,Canning Vale,115.9368138,-32.06286601,115.9368138,-32.06286601,1/12/2016,0,205,101,67,673,292,13,233,47
Armadale,Gosnells,116.0034899,-32.07342991,116.0034899,-32.07342991,1/12/2016,0,205,101,67,673,292,13,233,47
Armadale,Mundijong,115.9799239,-32.29805247,115.9799239,-32.29805247,1/12/2016,0,205,101,67,673,292,13,233,47
Armadale,Armadale,116.0172929,-32.15147671,115.9368138,-32.06286601,1/12/2017,6,174,102,70,649,189,14,204,30
Armadale,Canning Vale,115.9368138,-32.06286601,115.9368138,-32.06286601,1/12/2017,6,174,102,70,649,189,14,204,30
Armadale,Gosnells,116.0034899,-32.07342991,116.0034899,-32.07342991,1/12/2017,6,174,102,70,649,189,14,204,30
Armadale,Mundijong,115.9799239,-32.29805247,115.9799239,-32.29805247,1/12/2017,6,174,102,70,649,189,14,204,30
Armadale,Armadale,116.0172929,-32.15147671,115.9368138,-32.06286601,1/12/2018,0,173,86,53,747,217,11,243,45
Armadale,Canning Vale,115.9368138,-32.06286601,115.9368138,-32.06286601,1/12/2018,0,173,86,53,747,217,11,243,45
Armadale,Gosnells,116.0034899,-32.07342991,116.0034899,-32.07342991,1/12/2018,0,173,86,53,747,217,11,243,45
Armadale,Mundijong,115.9799239,-32.29805247,115.9799239,-32.29805247,1/12/2018,0,173,86,53,747,217,11,243,45
Armadale,Armadale,116.0172929,-32.15147671,115.9368138,-32.06286601,1/12/2019,0,238,80,61,730,270,24,231,46
Armadale,Canning Vale,115.9368138,-32.06286601,115.9368138,-32.06286601,1/12/2019,0,238,80,61,730,270,24,231,46
Armadale,Gosnells,116.0034899,-32.07342991,116.0034899,-32.07342991,1/12/2019,0,238,80,61,730,270,24,231,46
Armadale,Mundijong,115.9799239,-32.29805247,115.9799239,-32.29805247,1/12/2019,0,238,80,61,730,270,24,231,46
Armadale,Armadale,116.0172929,-32.15147671,115.9368138,-32.06286601,1/12/2020,0,185,85,54,483,205,5,215,44
Armadale,Canning Vale,115.9368138,-32.06286601,115.9368138,-32.06286601,1/12/2020,0,185,85,54,483,205,5,215,44
Armadale,Gosnells,116.0034899,-32.07342991,116.0034899,-32.07342991,1/12/2020,0,185,85,54,483,205,5,215,44
Armadale,Mundijong,115.9799239,-32.29805247,115.9799239,-32.29805247,1/12/2020,0,185,85,54,483,205,5,215,44
Armadale,Armadale,116.0172929,-32.15147671,115.9368138,-32.06286601,1/12/2021,1,171,97,36,481,170,15,151,21
Armadale,Canning Vale,115.9368138,-32.06286601,115.9368138,-32.06286601,1/12/2021,1,171,97,36,481,170,15,151,21
Armadale,Gosnells,116.0034899,-32.07342991,116.0034899,-32.07342991,1/12/2021,1,171,97,36,481,170,15,151,21
Armadale,Mundijong,115.9799239,-32.29805247,115.9799239,-32.29805247,1/12/2021,1,171,97,36,481,170,15,151,21
Armadale,Armadale,116.0172929,-32.15147671,115.9368138,-32.06286601,1/12/2022,0,176,105,32,554,180,7,155,28
Armadale,Canning Vale,115.9368138,-32.06286601,115.9368138,-32.06286601,1/12/2022,0,176,105,32,554,180,7,155,28
Armadale,Gosnells,116.0034899,-32.07342991,116.0034899,-32.07342991,1/12/2022,0,176,105,32,554,180,7,155,28
Armadale,Mundijong,115.9799239,-32.29805247,115.9799239,-32.29805247,1/12/2022,0,176,105,32,554,180,7,155,28
Cannington,Cannington ,115.9311903,-32.01699384,115.9311903,-32.01699384,1/12/2007,1,65,114,70,713,591,9,110,40
Cannington,Belmont,115.9343393,-31.96031724,115.9343393,-31.96031724,1/12/2007,1,65,114,70,713,591,9,110,40
Cannington,Kensignton,115.8866737,31.98508955,115.8866737,31.98508955,1/12/2007,1,65,114,70,713,591,9,110,40
Cannington,Cannington ,115.9311903,-32.01699384,115.9311903,-32.01699384,1/12/2008,0,64,82,67,567,358,5,151,15
Cannington,Belmont,115.9343393,-31.96031724,115.9343393,-31.96031724,1/12/2008,0,64,82,67,567,358,5,151,15
Cannington,Kensignton,115.8866737,31.98508955,115.8866737,31.98508955,1/12/2008,0,64,82,67,567,358,5,151,15
Cannington,Cannington ,115.9311903,-32.01699384,115.9311903,-32.01699384,1/12/2009,0,58,99,49,556,298,4,76,11
Cannington,Belmont,115.9343393,-31.96031724,115.9343393,-31.96031724,1/12/2009,0,58,99,49,556,298,4,76,11
Cannington,Kensignton,115.8866737,31.98508955,115.8866737,31.98508955,1/12/2009,0,58,99,49,556,298,4,76,11
Cannington,Cannington ,115.9311903,-32.01699384,115.9311903,-32.01699384,1/12/2010,1,85,113,78,594,299,8,73,10
Cannington,Belmont,115.9343393,-31.96031724,115.9343393,-31.96031724,1/12/2010,1,85,113,78,594,299,8,73,10
Cannington,Kensignton,115.8866737,31.98508955,115.8866737,31.98508955,1/12/2010,1,85,113,78,594,299,8,73,10
Cannington,Cannington ,115.9311903,-32.01699384,115.9311903,-32.01699384,1/12/2011,3,88,69,58,688,276,5,73,10
Cannington,Belmont,115.9343393,-31.96031724,115.9343393,-31.96031724,1/12/2011,3,88,69,58,688,276,5,73,10
Cannington,Kensignton,115.8866737,31.98508955,115.8866737,31.98508955,1/12/2011,3,88,69,58,688,276,5,73,10
Cannington,Cannington ,115.9311903,-32.01699384,115.9311903,-32.01699384,1/12/2012,0,96,90,126,1008,313,6,83,12
Cannington,Belmont,115.9343393,-31.96031724,115.9343393,-31.96031724,1/12/2012,0,96,90,126,1008,313,6,83,12
Cannington,Kensignton,115.8866737,31.98508955,115.8866737,31.98508955,1/12/2012,0,96,90,126,1008,313,6,83,12
Cannington,Cannington ,115.9311903,-32.01699384,115.9311903,-32.01699384,1/12/2013,0,88,87,98,772,229,6,151,10
Cannington,Belmont,115.9343393,-31.96031724,115.9343393,-31.96031724,1/12/2013,0,88,87,98,772,229,6,151,10
Cannington,Kensignton,115.8866737,31.98508955,115.8866737,31.98508955,1/12/2013,0,88,87,98,772,229,6,151,10
Cannington,Cannington ,115.9311903,-32.01699384,115.9311903,-32.01699384,1/12/2014,0,111,69,61,836,266,13,214,34
Cannington,Belmont,115.9343393,-31.96031724,115.9343393,-31.96031724,1/12/2014,0,111,69,61,836,266,13,214,34
Cannington,Kensignton,115.8866737,31.98508955,115.8866737,31.98508955,1/12/2014,0,111,69,61,836,266,13,214,34
Cannington,Cannington ,115.9311903,-32.01699384,115.9311903,-32.01699384,1/12/2015,0,154,78,101,1192,332,11,163,23
Cannington,Belmont,115.9343393,-31.96031724,115.9343393,-31.96031724,1/12/2015,0,154,78,101,1192,332,11,163,23
Cannington,Kensignton,115.8866737,31.98508955,115.8866737,31.98508955,1/12/2015,0,154,78,101,1192,332,11,163,23
Cannington,Cannington ,115.9311903,-32.01699384,115.9311903,-32.01699384,1/12/2016,0,122,92,99,770,296,9,201,23
Cannington,Belmont,115.9343393,-31.96031724,115.9343393,-31.96031724,1/12/2016,0,122,92,99,770,296,9,201,23
Cannington,Kensignton,115.8866737,31.98508955,115.8866737,31.98508955,1/12/2016,0,122,92,99,770,296,9,201,23
Cannington,Cannington ,115.9311903,-32.01699384,115.9311903,-32.01699384,1/12/2017,1,144,76,63,769,244,2,179,26
Cannington,Belmont,115.9343393,-31.96031724,115.9343393,-31.96031724,1/12/2017,1,144,76,63,769,244,2,179,26
Cannington,Kensignton,115.8866737,31.98508955,115.8866737,31.98508955,1/12/2017,1,144,76,63,769,244,2,179,26
Cannington,Cannington ,115.9311903,-32.01699384,115.9311903,-32.01699384,1/12/2018,1,148,112,69,801,208,10,158,23
Cannington,Belmont,115.9343393,-31.96031724,115.9343393,-31.96031724,1/12/2018,1,148,112,69,801,208,10,158,23
Cannington,Kensignton,115.8866737,31.98508955,115.8866737,31.98508955,1/12/2018,1,148,112,69,801,208,10,158,23
Cannington,Cannington ,115.9311903,-32.01699384,115.9311903,-32.01699384,1/12/2019,1,158,115,60,883,256,9,164,13
Cannington,Belmont,115.9343393,-31.96031724,115.9343393,-31.96031724,1/12/2019,1,158,115,60,883,256,9,164,13
Cannington,Kensignton,115.8866737,31.98508955,115.8866737,31.98508955,1/12/2019,1,158,115,60,883,256,9,164,13
Cannington,Cannington ,115.9311903,-32.01699384,115.9311903,-32.01699384,1/12/2020,1,176,72,45,659,182,4,174,25
Cannington,Belmont,115.9343393,-31.96031724,115.9343393,-31.96031724,1/12/2020,1,176,72,45,659,182,4,174,25
Cannington,Kensignton,115.8866737,31.98508955,115.8866737,31.98508955,1/12/2020,1,176,72,45,659,182,4,174,25
Cannington,Cannington ,115.9311903,-32.01699384,115.9311903,-32.01699384,1/12/2021,0,179,112,55,736,197,6,96,10
Cannington,Belmont,115.9343393,-31.96031724,115.9343393,-31.96031724,1/12/2021,0,179,112,55,736,197,6,96,10
Cannington,Kensignton,115.8866737,31.98508955,115.8866737,31.98508955,1/12/2021,0,179,112,55,736,197,6,96,10
Cannington,Cannington ,115.9311903,-32.01699384,115.9311903,-32.01699384,1/12/2022,0,164,137,69,1013,263,1,172,16
Cannington,Belmont,115.9343393,-31.96031724,115.9343393,-31.96031724,1/12/2022,0,164,137,69,1013,263,1,172,16
Cannington,Kensignton,115.8866737,31.98508955,115.8866737,31.98508955,1/12/2022,0,164,137,69,1013,263,1,172,16
Fremantle,Cockburn,115.855991,-32.12451411,115.855991,-32.12451411,1/12/2007,0,63,97,63,690,374,6,117,16
Fremantle,Cottesloe,115.7600907,-32.00059778,115.7600907,-32.00059778,1/12/2007,0,63,97,63,690,374,6,117,16
Fremantle,Fremantle ,115.7458515,-32.05444355,115.7458515,-32.05444355,1/12/2007,0,63,97,63,690,374,6,117,16
Fremantle,Murdoch,115.8436833,-32.07167727,115.8436833,-32.07167727,1/12/2007,0,63,97,63,690,374,6,117,16
Fremantle,Palmyra,115.787012,-32.03601917,115.787012,-32.03601917,1/12/2007,0,63,97,63,690,374,6,117,16
Fremantle,Rottnest,115.5393947,-31.99434935,115.5393947,-31.99434935,1/12/2007,0,63,97,63,690,374,6,117,16
Fremantle,Cockburn,115.855991,-32.12451411,115.855991,-32.12451411,1/12/2008,1,50,83,58,683,357,14,112,14
Fremantle,Cottesloe,115.7600907,-32.00059778,115.7600907,-32.00059778,1/12/2008,1,50,83,58,683,357,14,112,14
Fremantle,Fremantle ,115.7458515,-32.05444355,115.7458515,-32.05444355,1/12/2008,1,50,83,58,683,357,14,112,14
Fremantle,Murdoch,115.8436833,-32.07167727,115.8436833,-32.07167727,1/12/2008,1,50,83,58,683,357,14,112,14
Fremantle,Palmyra,115.787012,-32.03601917,115.787012,-32.03601917,1/12/2008,1,50,83,58,683,357,14,112,14
Fremantle,Rottnest,115.5393947,-31.99434935,115.5393947,-31.99434935,1/12/2008,1,50,83,58,683,357,14,112,14
Fremantle,Cockburn,115.855991,-32.12451411,115.855991,-32.12451411,1/12/2009,0,40,114,44,748,317,6,122,21
Fremantle,Cottesloe,115.7600907,-32.00059778,115.7600907,-32.00059778,1/12/2009,0,40,114,44,748,317,6,122,21
Fremantle,Fremantle ,115.7458515,-32.05444355,115.7458515,-32.05444355,1/12/2009,0,40,114,44,748,317,6,122,21
Fremantle,Murdoch,115.8436833,-32.07167727,115.8436833,-32.07167727,1/12/2009,0,40,114,44,748,317,6,122,21
Fremantle,Palmyra,115.787012,-32.03601917,115.787012,-32.03601917,1/12/2009,0,40,114,44,748,317,6,122,21
Fremantle,Rottnest,115.5393947,-31.99434935,115.5393947,-31.99434935,1/12/2009,0,40,114,44,748,317,6,122,21
Fremantle,Cockburn,115.855991,-32.12451411,115.855991,-32.12451411,1/12/2010,0,70,90,46,613,299,10,94,9
Fremantle,Cottesloe,115.7600907,-32.00059778,115.7600907,-32.00059778,1/12/2010,0,70,90,46,613,299,10,94,9
Fremantle,Fremantle ,115.7458515,-32.05444355,115.7458515,-32.05444355,1/12/2010,0,70,90,46,613,299,10,94,9
Fremantle,Murdoch,115.8436833,-32.07167727,115.8436833,-32.07167727,1/12/2010,0,70,90,46,613,299,10,94,9
Fremantle,Palmyra,115.787012,-32.03601917,115.787012,-32.03601917,1/12/2010,0,70,90,46,613,299,10,94,9
Fremantle,Rottnest,115.5393947,-31.99434935,115.5393947,-31.99434935,1/12/2010,0,70,90,46,613,299,10,94,9
Fremantle,Cockburn,115.855991,-32.12451411,115.855991,-32.12451411,1/12/2011,0,70,79,83,705,234,7,86,4
Fremantle,Cottesloe,115.7600907,-32.00059778,115.7600907,-32.00059778,1/12/2011,0,70,79,83,705,234,7,86,4
Fremantle,Fremantle ,115.7458515,-32.05444355,115.7458515,-32.05444355,1/12/2011,0,70,79,83,705,234,7,86,4
Fremantle,Murdoch,115.8436833,-32.07167727,115.8436833,-32.07167727,1/12/2011,0,70,79,83,705,234,7,86,4
Fremantle,Palmyra,115.787012,-32.03601917,115.787012,-32.03601917,1/12/2011,0,70,79,83,705,234,7,86,4
Fremantle,Rottnest,115.5393947,-31.99434935,115.5393947,-31.99434935,1/12/2011,0,70,79,83,705,234,7,86,4
Fremantle,Cockburn,115.855991,-32.12451411,115.855991,-32.12451411,1/12/2012,0,88,100,107,786,269,10,90,22
Fremantle,Cottesloe,115.7600907,-32.00059778,115.7600907,-32.00059778,1/12/2012,0,88,100,107,786,269,10,90,22
Fremantle,Fremantle ,115.7458515,-32.05444355,115.7458515,-32.05444355,1/12/2012,0,88,100,107,786,269,10,90,22
Fremantle,Murdoch,115.8436833,-32.07167727,115.8436833,-32.07167727,1/12/2012,0,88,100,107,786,269,10,90,22
Fremantle,Palmyra,115.787012,-32.03601917,115.787012,-32.03601917,1/12/2012,0,88,100,107,786,269,10,90,22
Fremantle,Rottnest,115.5393947,-31.99434935,115.5393947,-31.99434935,1/12/2012,0,88,100,107,786,269,10,90,22
Fremantle,Cockburn,115.855991,-32.12451411,115.855991,-32.12451411,1/12/2013,1,84,97,117,798,228,9,166,18
Fremantle,Cottesloe,115.7600907,-32.00059778,115.7600907,-32.00059778,1/12/2013,1,84,97,117,798,228,9,166,18
Fremantle,Fremantle ,115.7458515,-32.05444355,115.7458515,-32.05444355,1/12/2013,1,84,97,117,798,228,9,166,18
Fremantle,Murdoch,115.8436833,-32.07167727,115.8436833,-32.07167727,1/12/2013,1,84,97,117,798,228,9,166,18
Fremantle,Palmyra,115.787012,-32.03601917,115.787012,-32.03601917,1/12/2013,1,84,97,117,798,228,9,166,18
Fremantle,Rottnest,115.5393947,-31.99434935,115.5393947,-31.99434935,1/12/2013,1,84,97,117,798,228,9,166,18
Fremantle,Cockburn,115.855991,-32.12451411,115.855991,-32.12451411,1/12/2014,3,124,86,74,767,249,7,204,43
Fremantle,Cottesloe,115.7600907,-32.00059778,115.7600907,-32.00059778,1/12/2014,3,124,86,74,767,249,7,204,43
Fremantle,Fremantle ,115.7458515,-32.05444355,115.7458515,-32.05444355,1/12/2014,3,124,86,74,767,249,7,204,43
Fremantle,Murdoch,115.8436833,-32.07167727,115.8436833,-32.07167727,1/12/2014,3,124,86,74,767,249,7,204,43
Fremantle,Palmyra,115.787012,-32.03601917,115.787012,-32.03601917,1/12/2014,3,124,86,74,767,249,7,204,43
Fremantle,Rottnest,115.5393947,-31.99434935,115.5393947,-31.99434935,1/12/2014,3,124,86,74,767,249,7,204,43
Fremantle,Cockburn,115.855991,-32.12451411,115.855991,-32.12451411,1/12/2015,3,135,81,70,1024,307,19,258,25
Fremantle,Cottesloe,115.7600907,-32.00059778,115.7600907,-32.00059778,1/12/2015,3,135,81,70,1024,307,19,258,25
Fremantle,Fremantle ,115.7458515,-32.05444355,115.7458515,-32.05444355,1/12/2015,3,135,81,70,1024,307,19,258,25
Fremantle,Murdoch,115.8436833,-32.07167727,115.8436833,-32.07167727,1/12/2015,3,135,81,70,1024,307,19,258,25
Fremantle,Palmyra,115.787012,-32.03601917,115.787012,-32.03601917,1/12/2015,3,135,81,70,1024,307,19,258,25
Fremantle,Rottnest,115.5393947,-31.99434935,115.5393947,-31.99434935,1/12/2015,3,135,81,70,1024,307,19,258,25
Fremantle,Cockburn,115.855991,-32.12451411,115.855991,-32.12451411,1/12/2016,2,112,104,63,784,218,2,256,38
Fremantle,Cottesloe,115.7600907,-32.00059778,115.7600907,-32.00059778,1/12/2016,2,112,104,63,784,218,2,256,38
Fremantle,Fremantle ,115.7458515,-32.05444355,115.7458515,-32.05444355,1/12/2016,2,112,104,63,784,218,2,256,38
Fremantle,Murdoch,115.8436833,-32.07167727,115.8436833,-32.07167727,1/12/2016,2,112,104,63,784,218,2,256,38
Fremantle,Palmyra,115.787012,-32.03601917,115.787012,-32.03601917,1/12/2016,2,112,104,63,784,218,2,256,38
Fremantle,Rottnest,115.5393947,-31.99434935,115.5393947,-31.99434935,1/12/2016,2,112,104,63,784,218,2,256,38
Fremantle,Cockburn,115.855991,-32.12451411,115.855991,-32.12451411,1/12/2017,2,129,79,70,833,238,10,153,19
Fremantle,Cottesloe,115.7600907,-32.00059778,115.7600907,-32.00059778,1/12/2017,2,129,79,70,833,238,10,153,19
Fremantle,Fremantle ,115.7458515,-32.05444355,115.7458515,-32.05444355,1/12/2017,2,129,79,70,833,238,10,153,19
Fremantle,Murdoch,115.8436833,-32.07167727,115.8436833,-32.07167727,1/12/2017,2,129,79,70,833,238,10,153,19
Fremantle,Palmyra,115.787012,-32.03601917,115.787012,-32.03601917,1/12/2017,2,129,79,70,833,238,10,153,19
Fremantle,Rottnest,115.5393947,-31.99434935,115.5393947,-31.99434935,1/12/2017,2,129,79,70,833,238,10,153,19
Fremantle,Cockburn,115.855991,-32.12451411,115.855991,-32.12451411,1/12/2018,2,97,90,58,871,240,9,176,28
Fremantle,Cottesloe,115.7600907,-32.00059778,115.7600907,-32.00059778,1/12/2018,2,97,90,58,871,240,9,176,28
Fremantle,Fremantle ,115.7458515,-32.05444355,115.7458515,-32.05444355,1/12/2018,2,97,90,58,871,240,9,176,28
Fremantle,Murdoch,115.8436833,-32.07167727,115.8436833,-32.07167727,1/12/2018,2,97,90,58,871,240,9,176,28
Fremantle,Palmyra,115.787012,-32.03601917,115.787012,-32.03601917,1/12/2018,2,97,90,58,871,240,9,176,28
Fremantle,Rottnest,115.5393947,-31.99434935,115.5393947,-31.99434935,1/12/2018,2,97,90,58,871,240,9,176,28
Fremantle,Cockburn,115.855991,-32.12451411,115.855991,-32.12451411,1/12/2019,1,130,92,81,814,227,4,218,36
Fremantle,Cottesloe,115.7600907,-32.00059778,115.7600907,-32.00059778,1/12/2019,1,130,92,81,814,227,4,218,36
Fremantle,Fremantle ,115.7458515,-32.05444355,115.7458515,-32.05444355,1/12/2019,1,130,92,81,814,227,4,218,36
Fremantle,Murdoch,115.8436833,-32.07167727,115.8436833,-32.07167727,1/12/2019,1,130,92,81,814,227,4,218,36
Fremantle,Palmyra,115.787012,-32.03601917,115.787012,-32.03601917,1/12/2019,1,130,92,81,814,227,4,218,36
Fremantle,Rottnest,115.5393947,-31.99434935,115.5393947,-31.99434935,1/12/2019,1,130,92,81,814,227,4,218,36
Fremantle,Cockburn,115.855991,-32.12451411,115.855991,-32.12451411,1/12/2020,1,143,106,42,495,192,11,185,18
Fremantle,Cottesloe,115.7600907,-32.00059778,115.7600907,-32.00059778,1/12/2020,1,143,106,42,495,192,11,185,18
Fremantle,Fremantle ,115.7458515,-32.05444355,115.7458515,-32.05444355,1/12/2020,1,143,106,42,495,192,11,185,18
Fremantle,Murdoch,115.8436833,-32.07167727,115.8436833,-32.07167727,1/12/2020,1,143,106,42,495,192,11,185,18
Fremantle,Palmyra,115.787012,-32.03601917,115.787012,-32.03601917,1/12/2020,1,143,106,42,495,192,11,185,18
Fremantle,Rottnest,115.5393947,-31.99434935,115.5393947,-31.99434935,1/12/2020,1,143,106,42,495,192,11,185,18
Fremantle,Cockburn,115.855991,-32.12451411,115.855991,-32.12451411,1/12/2021,0,156,105,58,584,185,8,84,12
Fremantle,Cottesloe,115.7600907,-32.00059778,115.7600907,-32.00059778,1/12/2021,0,156,105,58,584,185,8,84,12
Fremantle,Fremantle ,115.7458515,-32.05444355,115.7458515,-32.05444355,1/12/2021,0,156,105,58,584,185,8,84,12
Fremantle,Murdoch,115.8436833,-32.07167727,115.8436833,-32.07167727,1/12/2021,0,156,105,58,584,185,8,84,12
Fremantle,Palmyra,115.787012,-32.03601917,115.787012,-32.03601917,1/12/2021,0,156,105,58,584,185,8,84,12
Fremantle,Rottnest,115.5393947,-31.99434935,115.5393947,-31.99434935,1/12/2021,0,156,105,58,584,185,8,84,12
Fremantle,Cockburn,115.855991,-32.12451411,115.855991,-32.12451411,1/12/2022,1,165,141,45,810,218,20,107,9
Fremantle,Cottesloe,115.7600907,-32.00059778,115.7600907,-32.00059778,1/12/2022,1,165,141,45,810,218,20,107,9
Fremantle,Fremantle ,115.7458515,-32.05444355,115.7458515,-32.05444355,1/12/2022,1,165,141,45,810,218,20,107,9
Fremantle,Murdoch,115.8436833,-32.07167727,115.8436833,-32.07167727,1/12/2022,1,165,141,45,810,218,20,107,9
Fremantle,Palmyra,115.787012,-32.03601917,115.787012,-32.03601917,1/12/2022,1,165,141,45,810,218,20,107,9
Fremantle,Rottnest,115.5393947,-31.99434935,115.5393947,-31.99434935,1/12/2022,1,165,141,45,810,218,20,107,9
Joondalup,Clarkson,115.7161229,-31.69001757,115.7161229,-31.69001757,1/12/2007,1,60,104,52,582,362,18,100,17
Joondalup,Hillarys,115.7431315,-31.80901721,115.7431315,-31.80901721,1/12/2007,1,60,104,52,582,362,18,100,17
Joondalup,Joondalup,115.7688056,-31.74091793,115.7688056,-31.74091793,1/12/2007,1,60,104,52,582,362,18,100,17
Joondalup,Wanneroo,115.8072865,-31.74992807,115.8072865,-31.74992807,1/12/2007,1,60,104,52,582,362,18,100,17
Joondalup,Warwick,115.8123644,-31.83980544,115.8123644,-31.83980544,1/12/2007,1,60,104,52,582,362,18,100,17
Joondalup,Yanchep,115.63946,-31.54323643,115.63946,-31.54323643,1/12/2007,1,60,104,52,582,362,18,100,17
Joondalup,Clarkson,115.7161229,-31.69001757,115.7161229,-31.69001757,1/12/2008,0,40,94,60,628,346,14,128,12
Joondalup,Hillarys,115.7431315,-31.80901721,115.7431315,-31.80901721,1/12/2008,0,40,94,60,628,346,14,128,12
Joondalup,Joondalup,115.7688056,-31.74091793,115.7688056,-31.74091793,1/12/2008,0,40,94,60,628,346,14,128,12
Joondalup,Wanneroo,115.8072865,-31.74992807,115.8072865,-31.74992807,1/12/2008,0,40,94,60,628,346,14,128,12
Joondalup,Warwick,115.8123644,-31.83980544,115.8123644,-31.83980544,1/12/2008,0,40,94,60,628,346,14,128,12
Joondalup,Yanchep,115.63946,-31.54323643,115.63946,-31.54323643,1/12/2008,0,40,94,60,628,346,14,128,12
Joondalup,Clarkson,115.7161229,-31.69001757,115.7161229,-31.69001757,1/12/2009,0,63,76,42,570,300,22,127,17
Joondalup,Hillarys,115.7431315,-31.80901721,115.7431315,-31.80901721,1/12/2009,0,63,76,42,570,300,22,127,17
Joondalup,Joondalup,115.7688056,-31.74091793,115.7688056,-31.74091793,1/12/2009,0,63,76,42,570,300,22,127,17
Joondalup,Wanneroo,115.8072865,-31.74992807,115.8072865,-31.74992807,1/12/2009,0,63,76,42,570,300,22,127,17
Joondalup,Warwick,115.8123644,-31.83980544,115.8123644,-31.83980544,1/12/2009,0,63,76,42,570,300,22,127,17
Joondalup,Yanchep,115.63946,-31.54323643,115.63946,-31.54323643,1/12/2009,0,63,76,42,570,300,22,127,17
Joondalup,Clarkson,115.7161229,-31.69001757,115.7161229,-31.69001757,1/12/2010,1,80,80,67,525,343,9,80,10
Joondalup,Hillarys,115.7431315,-31.80901721,115.7431315,-31.80901721,1/12/2010,1,80,80,67,525,343,9,80,10
Joondalup,Joondalup,115.7688056,-31.74091793,115.7688056,-31.74091793,1/12/2010,1,80,80,67,525,343,9,80,10
Joondalup,Wanneroo,115.8072865,-31.74992807,115.8072865,-31.74992807,1/12/2010,1,80,80,67,525,343,9,80,10
Joondalup,Warwick,115.8123644,-31.83980544,115.8123644,-31.83980544,1/12/2010,1,80,80,67,525,343,9,80,10
Joondalup,Yanchep,115.63946,-31.54323643,115.63946,-31.54323643,1/12/2010,1,80,80,67,525,343,9,80,10
Joondalup,Clarkson,115.7161229,-31.69001757,115.7161229,-31.69001757,1/12/2011,3,158,89,75,711,315,8,78,19
Joondalup,Hillarys,115.7431315,-31.80901721,115.7431315,-31.80901721,1/12/2011,3,158,89,75,711,315,8,78,19
Joondalup,Joondalup,115.7688056,-31.74091793,115.7688056,-31.74091793,1/12/2011,3,158,89,75,711,315,8,78,19
Joondalup,Wanneroo,115.8072865,-31.74992807,115.8072865,-31.74992807,1/12/2011,3,158,89,75,711,315,8,78,19
Joondalup,Warwick,115.8123644,-31.83980544,115.8123644,-31.83980544,1/12/2011,3,158,89,75,711,315,8,78,19
Joondalup,Yanchep,115.63946,-31.54323643,115.63946,-31.54323643,1/12/2011,3,158,89,75,711,315,8,78,19
Joondalup,Clarkson,115.7161229,-31.69001757,115.7161229,-31.69001757,1/12/2012,0,139,101,78,624,266,13,102,13
Joondalup,Hillarys,115.7431315,-31.80901721,115.7431315,-31.80901721,1/12/2012,0,139,101,78,624,266,13,102,13
Joondalup,Joondalup,115.7688056,-31.74091793,115.7688056,-31.74091793,1/12/2012,0,139,101,78,624,266,13,102,13
Joondalup,Wanneroo,115.8072865,-31.74992807,115.8072865,-31.74992807,1/12/2012,0,139,101,78,624,266,13,102,13
Joondalup,Warwick,115.8123644,-31.83980544,115.8123644,-31.83980544,1/12/2012,0,139,101,78,624,266,13,102,13
Joondalup,Yanchep,115.63946,-31.54323643,115.63946,-31.54323643,1/12/2012,0,139,101,78,624,266,13,102,13
Joondalup,Clarkson,115.7161229,-31.69001757,115.7161229,-31.69001757,1/12/2013,5,142,66,67,617,225,9,128,14
Joondalup,Hillarys,115.7431315,-31.80901721,115.7431315,-31.80901721,1/12/2013,5,142,66,67,617,225,9,128,14
Joondalup,Joondalup,115.7688056,-31.74091793,115.7688056,-31.74091793,1/12/2013,5,142,66,67,617,225,9,128,14
Joondalup,Wanneroo,115.8072865,-31.74992807,115.8072865,-31.74992807,1/12/2013,5,142,66,67,617,225,9,128,14
Joondalup,Warwick,115.8123644,-31.83980544,115.8123644,-31.83980544,1/12/2013,5,142,66,67,617,225,9,128,14
Joondalup,Yanchep,115.63946,-31.54323643,115.63946,-31.54323643,1/12/2013,5,142,66,67,617,225,9,128,14
Joondalup,Clarkson,115.7161229,-31.69001757,115.7161229,-31.69001757,1/12/2014,0,117,69,64,783,260,23,196,38
Joondalup,Hillarys,115.7431315,-31.80901721,115.7431315,-31.80901721,1/12/2014,0,117,69,64,783,260,23,196,38
Joondalup,Joondalup,115.7688056,-31.74091793,115.7688056,-31.74091793,1/12/2014,0,117,69,64,783,260,23,196,38
Joondalup,Wanneroo,115.8072865,-31.74992807,115.8072865,-31.74992807,1/12/2014,0,117,69,64,783,260,23,196,38
Joondalup,Warwick,115.8123644,-31.83980544,115.8123644,-31.83980544,1/12/2014,0,117,69,64,783,260,23,196,38
Joondalup,Yanchep,115.63946,-31.54323643,115.63946,-31.54323643,1/12/2014,0,117,69,64,783,260,23,196,38
Joondalup,Clarkson,115.7161229,-31.69001757,115.7161229,-31.69001757,1/12/2015,0,192,83,90,673,261,17,273,28
Joondalup,Hillarys,115.7431315,-31.80901721,115.7431315,-31.80901721,1/12/2015,0,192,83,90,673,261,17,273,28
Joondalup,Joondalup,115.7688056,-31.74091793,115.7688056,-31.74091793,1/12/2015,0,192,83,90,673,261,17,273,28
Joondalup,Wanneroo,115.8072865,-31.74992807,115.8072865,-31.74992807,1/12/2015,0,192,83,90,673,261,17,273,28
Joondalup,Warwick,115.8123644,-31.83980544,115.8123644,-31.83980544,1/12/2015,0,192,83,90,673,261,17,273,28
Joondalup,Yanchep,115.63946,-31.54323643,115.63946,-31.54323643,1/12/2015,0,192,83,90,673,261,17,273,28
Joondalup,Clarkson,115.7161229,-31.69001757,115.7161229,-31.69001757,1/12/2016,4,140,79,55,650,233,19,297,43
Joondalup,Hillarys,115.7431315,-31.80901721,115.7431315,-31.80901721,1/12/2016,4,140,79,55,650,233,19,297,43
Joondalup,Joondalup,115.7688056,-31.74091793,115.7688056,-31.74091793,1/12/2016,4,140,79,55,650,233,19,297,43
Joondalup,Wanneroo,115.8072865,-31.74992807,115.8072865,-31.74992807,1/12/2016,4,140,79,55,650,233,19,297,43
Joondalup,Warwick,115.8123644,-31.83980544,115.8123644,-31.83980544,1/12/2016,4,140,79,55,650,233,19,297,43
Joondalup,Yanchep,115.63946,-31.54323643,115.63946,-31.54323643,1/12/2016,4,140,79,55,650,233,19,297,43
Joondalup,Clarkson,115.7161229,-31.69001757,115.7161229,-31.69001757,1/12/2017,1,125,83,59,646,198,19,207,19
Joondalup,Hillarys,115.7431315,-31.80901721,115.7431315,-31.80901721,1/12/2017,1,125,83,59,646,198,19,207,19
Joondalup,Joondalup,115.7688056,-31.74091793,115.7688056,-31.74091793,1/12/2017,1,125,83,59,646,198,19,207,19
Joondalup,Wanneroo,115.8072865,-31.74992807,115.8072865,-31.74992807,1/12/2017,1,125,83,59,646,198,19,207,19
Joondalup,Warwick,115.8123644,-31.83980544,115.8123644,-31.83980544,1/12/2017,1,125,83,59,646,198,19,207,19
Joondalup,Yanchep,115.63946,-31.54323643,115.63946,-31.54323643,1/12/2017,1,125,83,59,646,198,19,207,19
Joondalup,Clarkson,115.7161229,-31.69001757,115.7161229,-31.69001757,1/12/2018,2,116,74,46,626,192,6,233,26
Joondalup,Hillarys,115.7431315,-31.80901721,115.7431315,-31.80901721,1/12/2018,2,116,74,46,626,192,6,233,26
Joondalup,Joondalup,115.7688056,-31.74091793,115.7688056,-31.74091793,1/12/2018,2,116,74,46,626,192,6,233,26
Joondalup,Wanneroo,115.8072865,-31.74992807,115.8072865,-31.74992807,1/12/2018,2,116,74,46,626,192,6,233,26
Joondalup,Warwick,115.8123644,-31.83980544,115.8123644,-31.83980544,1/12/2018,2,116,74,46,626,192,6,233,26
Joondalup,Yanchep,115.63946,-31.54323643,115.63946,-31.54323643,1/12/2018,2,116,74,46,626,192,6,233,26
Joondalup,Clarkson,115.7161229,-31.69001757,115.7161229,-31.69001757,1/12/2019,0,145,67,52,654,208,8,265,48
Joondalup,Hillarys,115.7431315,-31.80901721,115.7431315,-31.80901721,1/12/2019,0,145,67,52,654,208,8,265,48
Joondalup,Joondalup,115.7688056,-31.74091793,115.7688056,-31.74091793,1/12/2019,0,145,67,52,654,208,8,265,48
Joondalup,Wanneroo,115.8072865,-31.74992807,115.8072865,-31.74992807,1/12/2019,0,145,67,52,654,208,8,265,48
Joondalup,Warwick,115.8123644,-31.83980544,115.8123644,-31.83980544,1/12/2019,0,145,67,52,654,208,8,265,48
Joondalup,Yanchep,115.63946,-31.54323643,115.63946,-31.54323643,1/12/2019,0,145,67,52,654,208,8,265,48
Joondalup,Clarkson,115.7161229,-31.69001757,115.7161229,-31.69001757,1/12/2020,1,158,65,42,362,201,5,205,25
Joondalup,Hillarys,115.7431315,-31.80901721,115.7431315,-31.80901721,1/12/2020,1,158,65,42,362,201,5,205,25
Joondalup,Joondalup,115.7688056,-31.74091793,115.7688056,-31.74091793,1/12/2020,1,158,65,42,362,201,5,205,25
Joondalup,Wanneroo,115.8072865,-31.74992807,115.8072865,-31.74992807,1/12/2020,1,158,65,42,362,201,5,205,25
Joondalup,Warwick,115.8123644,-31.83980544,115.8123644,-31.83980544,1/12/2020,1,158,65,42,362,201,5,205,25
Joondalup,Yanchep,115.63946,-31.54323643,115.63946,-31.54323643,1/12/2020,1,158,65,42,362,201,5,205,25
Joondalup,Clarkson,115.7161229,-31.69001757,115.7161229,-31.69001757,1/12/2021,0,146,108,23,429,194,22,198,30
Joondalup,Hillarys,115.7431315,-31.80901721,115.7431315,-31.80901721,1/12/2021,0,146,108,23,429,194,22,198,30
Joondalup,Joondalup,115.7688056,-31.74091793,115.7688056,-31.74091793,1/12/2021,0,146,108,23,429,194,22,198,30
Joondalup,Wanneroo,115.8072865,-31.74992807,115.8072865,-31.74992807,1/12/2021,0,146,108,23,429,194,22,198,30
Joondalup,Warwick,115.8123644,-31.83980544,115.8123644,-31.83980544,1/12/2021,0,146,108,23,429,194,22,198,30
Joondalup,Yanchep,115.63946,-31.54323643,115.63946,-31.54323643,1/12/2021,0,146,108,23,429,194,22,198,30
Joondalup,Clarkson,115.7161229,-31.69001757,115.7161229,-31.69001757,1/12/2022,2,162,88,44,448,201,7,131,21
Joondalup,Hillarys,115.7431315,-31.80901721,115.7431315,-31.80901721,1/12/2022,2,162,88,44,448,201,7,131,21
Joondalup,Joondalup,115.7688056,-31.74091793,115.7688056,-31.74091793,1/12/2022,2,162,88,44,448,201,7,131,21
Joondalup,Wanneroo,115.8072865,-31.74992807,115.8072865,-31.74992807,1/12/2022,2,162,88,44,448,201,7,131,21
Joondalup,Warwick,115.8123644,-31.83980544,115.8123644,-31.83980544,1/12/2022,2,162,88,44,448,201,7,131,21
Joondalup,Yanchep,115.63946,-31.54323643,115.63946,-31.54323643,1/12/2022,2,162,88,44,448,201,7,131,21
Mandurah,Dwellingup,116.0621907,-32.71487514,116.0621907,-32.71487514,1/12/2007,3,54,110,53,649,312,12,103,20
Mandurah,Kwinana,115.8157464,-32.24043354,115.8157464,-32.24043354,1/12/2007,3,54,110,53,649,312,12,103,20
Mandurah,Mandurah,115.7434187,-32.53833733,115.7434187,-32.53833733,1/12/2007,3,54,110,53,649,312,12,103,20
Mandurah,Pinjarra,115.8751582,-32.62924948,115.8751582,-32.62924948,1/12/2007,3,54,110,53,649,312,12,103,20
Mandurah,Rockingham,115.7471163,-32.28484062,115.7471163,-32.28484062,1/12/2007,3,54,110,53,649,312,12,103,20
Mandurah,Dwellingup,116.0621907,-32.71487514,116.0621907,-32.71487514,1/12/2008,0,61,93,37,582,341,10,101,24
Mandurah,Kwinana,115.8157464,-32.24043354,115.8157464,-32.24043354,1/12/2008,0,61,93,37,582,341,10,101,24
Mandurah,Mandurah,115.7434187,-32.53833733,115.7434187,-32.53833733,1/12/2008,0,61,93,37,582,341,10,101,24
Mandurah,Pinjarra,115.8751582,-32.62924948,115.8751582,-32.62924948,1/12/2008,0,61,93,37,582,341,10,101,24
Mandurah,Rockingham,115.7471163,-32.28484062,115.7471163,-32.28484062,1/12/2008,0,61,93,37,582,341,10,101,24
Mandurah,Dwellingup,116.0621907,-32.71487514,116.0621907,-32.71487514,1/12/2009,0,55,87,46,455,296,4,81,9
Mandurah,Kwinana,115.8157464,-32.24043354,115.8157464,-32.24043354,1/12/2009,0,55,87,46,455,296,4,81,9
Mandurah,Mandurah,115.7434187,-32.53833733,115.7434187,-32.53833733,1/12/2009,0,55,87,46,455,296,4,81,9
Mandurah,Pinjarra,115.8751582,-32.62924948,115.8751582,-32.62924948,1/12/2009,0,55,87,46,455,296,4,81,9
Mandurah,Rockingham,115.7471163,-32.28484062,115.7471163,-32.28484062,1/12/2009,0,55,87,46,455,296,4,81,9
Mandurah,Dwellingup,116.0621907,-32.71487514,116.0621907,-32.71487514,1/12/2010,0,120,117,50,485,276,11,71,11
Mandurah,Kwinana,115.8157464,-32.24043354,115.8157464,-32.24043354,1/12/2010,0,120,117,50,485,276,11,71,11
Mandurah,Mandurah,115.7434187,-32.53833733,115.7434187,-32.53833733,1/12/2010,0,120,117,50,485,276,11,71,11
Mandurah,Pinjarra,115.8751582,-32.62924948,115.8751582,-32.62924948,1/12/2010,0,120,117,50,485,276,11,71,11
Mandurah,Rockingham,115.7471163,-32.28484062,115.7471163,-32.28484062,1/12/2010,0,120,117,50,485,276,11,71,11
Mandurah,Dwellingup,116.0621907,-32.71487514,116.0621907,-32.71487514,1/12/2011,2,105,83,69,503,274,5,81,15
Mandurah,Kwinana,115.8157464,-32.24043354,115.8157464,-32.24043354,1/12/2011,2,105,83,69,503,274,5,81,15
Mandurah,Mandurah,115.7434187,-32.53833733,115.7434187,-32.53833733,1/12/2011,2,105,83,69,503,274,5,81,15
Mandurah,Pinjarra,115.8751582,-32.62924948,115.8751582,-32.62924948,1/12/2011,2,105,83,69,503,274,5,81,15
Mandurah,Rockingham,115.7471163,-32.28484062,115.7471163,-32.28484062,1/12/2011,2,105,83,69,503,274,5,81,15
Mandurah,Dwellingup,116.0621907,-32.71487514,116.0621907,-32.71487514,1/12/2012,0,162,106,117,791,348,11,92,29
Mandurah,Kwinana,115.8157464,-32.24043354,115.8157464,-32.24043354,1/12/2012,0,162,106,117,791,348,11,92,29
Mandurah,Mandurah,115.7434187,-32.53833733,115.7434187,-32.53833733,1/12/2012,0,162,106,117,791,348,11,92,29
Mandurah,Pinjarra,115.8751582,-32.62924948,115.8751582,-32.62924948,1/12/2012,0,162,106,117,791,348,11,92,29
Mandurah,Rockingham,115.7471163,-32.28484062,115.7471163,-32.28484062,1/12/2012,0,162,106,117,791,348,11,92,29
Mandurah,Dwellingup,116.0621907,-32.71487514,116.0621907,-32.71487514,1/12/2013,0,152,72,83,822,305,13,116,18
Mandurah,Kwinana,115.8157464,-32.24043354,115.8157464,-32.24043354,1/12/2013,0,152,72,83,822,305,13,116,18
Mandurah,Mandurah,115.7434187,-32.53833733,115.7434187,-32.53833733,1/12/2013,0,152,72,83,822,305,13,116,18
Mandurah,Pinjarra,115.8751582,-32.62924948,115.8751582,-32.62924948,1/12/2013,0,152,72,83,822,305,13,116,18
Mandurah,Rockingham,115.7471163,-32.28484062,115.7471163,-32.28484062,1/12/2013,0,152,72,83,822,305,13,116,18
Mandurah,Dwellingup,116.0621907,-32.71487514,116.0621907,-32.71487514,1/12/2014,0,202,94,66,794,282,9,231,37
Mandurah,Kwinana,115.8157464,-32.24043354,115.8157464,-32.24043354,1/12/2014,0,202,94,66,794,282,9,231,37
Mandurah,Mandurah,115.7434187,-32.53833733,115.7434187,-32.53833733,1/12/2014,0,202,94,66,794,282,9,231,37
Mandurah,Pinjarra,115.8751582,-32.62924948,115.8751582,-32.62924948,1/12/2014,0,202,94,66,794,282,9,231,37
Mandurah,Rockingham,115.7471163,-32.28484062,115.7471163,-32.28484062,1/12/2014,0,202,94,66,794,282,9,231,37
Mandurah,Dwellingup,116.0621907,-32.71487514,116.0621907,-32.71487514,1/12/2015,3,246,104,80,839,355,11,194,31
Mandurah,Kwinana,115.8157464,-32.24043354,115.8157464,-32.24043354,1/12/2015,3,246,104,80,839,355,11,194,31
Mandurah,Mandurah,115.7434187,-32.53833733,115.7434187,-32.53833733,1/12/2015,3,246,104,80,839,355,11,194,31
Mandurah,Pinjarra,115.8751582,-32.62924948,115.8751582,-32.62924948,1/12/2015,3,246,104,80,839,355,11,194,31
Mandurah,Rockingham,115.7471163,-32.28484062,115.7471163,-32.28484062,1/12/2015,3,246,104,80,839,355,11,194,31
Mandurah,Dwellingup,116.0621907,-32.71487514,116.0621907,-32.71487514,1/12/2016,1,236,139,93,666,365,21,280,69
Mandurah,Kwinana,115.8157464,-32.24043354,115.8157464,-32.24043354,1/12/2016,1,236,139,93,666,365,21,280,69
Mandurah,Mandurah,115.7434187,-32.53833733,115.7434187,-32.53833733,1/12/2016,1,236,139,93,666,365,21,280,69
Mandurah,Pinjarra,115.8751582,-32.62924948,115.8751582,-32.62924948,1/12/2016,1,236,139,93,666,365,21,280,69
Mandurah,Rockingham,115.7471163,-32.28484062,115.7471163,-32.28484062,1/12/2016,1,236,139,93,666,365,21,280,69
Mandurah,Dwellingup,116.0621907,-32.71487514,116.0621907,-32.71487514,1/12/2017,1,198,107,70,629,272,17,175,26
Mandurah,Kwinana,115.8157464,-32.24043354,115.8157464,-32.24043354,1/12/2017,1,198,107,70,629,272,17,175,26
Mandurah,Mandurah,115.7434187,-32.53833733,115.7434187,-32.53833733,1/12/2017,1,198,107,70,629,272,17,175,26
Mandurah,Pinjarra,115.8751582,-32.62924948,115.8751582,-32.62924948,1/12/2017,1,198,107,70,629,272,17,175,26
Mandurah,Rockingham,115.7471163,-32.28484062,115.7471163,-32.28484062,1/12/2017,1,198,107,70,629,272,17,175,26
Mandurah,Dwellingup,116.0621907,-32.71487514,116.0621907,-32.71487514,1/12/2018,0,219,94,66,768,286,12,177,22
Mandurah,Kwinana,115.8157464,-32.24043354,115.8157464,-32.24043354,1/12/2018,0,219,94,66,768,286,12,177,22
Mandurah,Mandurah,115.7434187,-32.53833733,115.7434187,-32.53833733,1/12/2018,0,219,94,66,768,286,12,177,22
Mandurah,Pinjarra,115.8751582,-32.62924948,115.8751582,-32.62924948,1/12/2018,0,219,94,66,768,286,12,177,22
Mandurah,Rockingham,115.7471163,-32.28484062,115.7471163,-32.28484062,1/12/2018,0,219,94,66,768,286,12,177,22
Mandurah,Dwellingup,116.0621907,-32.71487514,116.0621907,-32.71487514,1/12/2019,1,211,114,72,743,189,12,188,21
Mandurah,Kwinana,115.8157464,-32.24043354,115.8157464,-32.24043354,1/12/2019,1,211,114,72,743,189,12,188,21
Mandurah,Mandurah,115.7434187,-32.53833733,115.7434187,-32.53833733,1/12/2019,1,211,114,72,743,189,12,188,21
Mandurah,Pinjarra,115.8751582,-32.62924948,115.8751582,-32.62924948,1/12/2019,1,211,114,72,743,189,12,188,21
Mandurah,Rockingham,115.7471163,-32.28484062,115.7471163,-32.28484062,1/12/2019,1,211,114,72,743,189,12,188,21
Mandurah,Dwellingup,116.0621907,-32.71487514,116.0621907,-32.71487514,1/12/2020,2,238,87,49,472,219,11,166,47
Mandurah,Kwinana,115.8157464,-32.24043354,115.8157464,-32.24043354,1/12/2020,2,238,87,49,472,219,11,166,47
Mandurah,Mandurah,115.7434187,-32.53833733,115.7434187,-32.53833733,1/12/2020,2,238,87,49,472,219,11,166,47
Mandurah,Pinjarra,115.8751582,-32.62924948,115.8751582,-32.62924948,1/12/2020,2,238,87,49,472,219,11,166,47
Mandurah,Rockingham,115.7471163,-32.28484062,115.7471163,-32.28484062,1/12/2020,2,238,87,49,472,219,11,166,47
Mandurah,Dwellingup,116.0621907,-32.71487514,116.0621907,-32.71487514,1/12/2021,0,206,127,52,531,205,11,170,19
Mandurah,Kwinana,115.8157464,-32.24043354,115.8157464,-32.24043354,1/12/2021,0,206,127,52,531,205,11,170,19
Mandurah,Mandurah,115.7434187,-32.53833733,115.7434187,-32.53833733,1/12/2021,0,206,127,52,531,205,11,170,19
Mandurah,Pinjarra,115.8751582,-32.62924948,115.8751582,-32.62924948,1/12/2021,0,206,127,52,531,205,11,170,19
Mandurah,Rockingham,115.7471163,-32.28484062,115.7471163,-32.28484062,1/12/2021,0,206,127,52,531,205,11,170,19
Mandurah,Dwellingup,116.0621907,-32.71487514,116.0621907,-32.71487514,1/12/2022,0,296,128,61,575,208,8,138,32
Mandurah,Kwinana,115.8157464,-32.24043354,115.8157464,-32.24043354,1/12/2022,0,296,128,61,575,208,8,138,32
Mandurah,Mandurah,115.7434187,-32.53833733,115.7434187,-32.53833733,1/12/2022,0,296,128,61,575,208,8,138,32
Mandurah,Pinjarra,115.8751582,-32.62924948,115.8751582,-32.62924948,1/12/2022,0,296,128,61,575,208,8,138,32
Mandurah,Rockingham,115.7471163,-32.28484062,115.7471163,-32.28484062,1/12/2022,0,296,128,61,575,208,8,138,32
Midland,Ballajura,115.8957264,-31.84572515,115.8957264,-31.84572515,1/12/2007,2,67,89,65,609,335,14,108,18
Midland,Ellenbrook,115.9663408,-31.78037668,115.9663408,-31.78037668,1/12/2007,2,67,89,65,609,335,14,108,18
Midland,Forrestfield,116.0097215,-31.98573545,116.0097215,-31.98573545,1/12/2007,2,67,89,65,609,335,14,108,18
Midland,Kiara,115.939222,-31.88708245,115.939222,-31.88708245,1/12/2007,2,67,89,65,609,335,14,108,18
Midland,Midland,116.0023487,-31.88673677,116.0023487,-31.88673677,1/12/2007,2,67,89,65,609,335,14,108,18
Midland,Mundaring,116.1666915,-31.90226812,116.1666915,-31.90226812,1/12/2007,2,67,89,65,609,335,14,108,18
Midland,Ballajura,115.8957264,-31.84572515,115.8957264,-31.84572515,1/12/2008,0,89,68,57,470,280,27,83,16
Midland,Ellenbrook,115.9663408,-31.78037668,115.9663408,-31.78037668,1/12/2008,0,89,68,57,470,280,27,83,16
Midland,Forrestfield,116.0097215,-31.98573545,116.0097215,-31.98573545,1/12/2008,0,89,68,57,470,280,27,83,16
Midland,Kiara,115.939222,-31.88708245,115.939222,-31.88708245,1/12/2008,0,89,68,57,470,280,27,83,16
Midland,Midland,116.0023487,-31.88673677,116.0023487,-31.88673677,1/12/2008,0,89,68,57,470,280,27,83,16
Midland,Mundaring,116.1666915,-31.90226812,116.1666915,-31.90226812,1/12/2008,0,89,68,57,470,280,27,83,16
Midland,Ballajura,115.8957264,-31.84572515,115.8957264,-31.84572515,1/12/2009,1,91,78,38,457,301,14,94,24
Midland,Ellenbrook,115.9663408,-31.78037668,115.9663408,-31.78037668,1/12/2009,1,91,78,38,457,301,14,94,24
Midland,Forrestfield,116.0097215,-31.98573545,116.0097215,-31.98573545,1/12/2009,1,91,78,38,457,301,14,94,24
Midland,Kiara,115.939222,-31.88708245,115.939222,-31.88708245,1/12/2009,1,91,78,38,457,301,14,94,24
Midland,Midland,116.0023487,-31.88673677,116.0023487,-31.88673677,1/12/2009,1,91,78,38,457,301,14,94,24
Midland,Mundaring,116.1666915,-31.90226812,116.1666915,-31.90226812,1/12/2009,1,91,78,38,457,301,14,94,24
Midland,Ballajura,115.8957264,-31.84572515,115.8957264,-31.84572515,1/12/2010,0,97,91,86,533,345,7,66,23
Midland,Ellenbrook,115.9663408,-31.78037668,115.9663408,-31.78037668,1/12/2010,0,97,91,86,533,345,7,66,23
Midland,Forrestfield,116.0097215,-31.98573545,116.0097215,-31.98573545,1/12/2010,0,97,91,86,533,345,7,66,23
Midland,Kiara,115.939222,-31.88708245,115.939222,-31.88708245,1/12/2010,0,97,91,86,533,345,7,66,23
Midland,Midland,116.0023487,-31.88673677,116.0023487,-31.88673677,1/12/2010,0,97,91,86,533,345,7,66,23
Midland,Mundaring,116.1666915,-31.90226812,116.1666915,-31.90226812,1/12/2010,0,97,91,86,533,345,7,66,23
Midland,Ballajura,115.8957264,-31.84572515,115.8957264,-31.84572515,1/12/2011,0,113,91,67,524,264,10,105,20
Midland,Ellenbrook,115.9663408,-31.78037668,115.9663408,-31.78037668,1/12/2011,0,113,91,67,524,264,10,105,20
Midland,Forrestfield,116.0097215,-31.98573545,116.0097215,-31.98573545,1/12/2011,0,113,91,67,524,264,10,105,20
Midland,Kiara,115.939222,-31.88708245,115.939222,-31.88708245,1/12/2011,0,113,91,67,524,264,10,105,20
Midland,Midland,116.0023487,-31.88673677,116.0023487,-31.88673677,1/12/2011,0,113,91,67,524,264,10,105,20
Midland,Mundaring,116.1666915,-31.90226812,116.1666915,-31.90226812,1/12/2011,0,113,91,67,524,264,10,105,20
Midland,Ballajura,115.8957264,-31.84572515,115.8957264,-31.84572515,1/12/2012,4,125,89,77,573,263,16,88,11
Midland,Ellenbrook,115.9663408,-31.78037668,115.9663408,-31.78037668,1/12/2012,4,125,89,77,573,263,16,88,11
Midland,Forrestfield,116.0097215,-31.98573545,116.0097215,-31.98573545,1/12/2012,4,125,89,77,573,263,16,88,11
Midland,Kiara,115.939222,-31.88708245,115.939222,-31.88708245,1/12/2012,4,125,89,77,573,263,16,88,11
Midland,Midland,116.0023487,-31.88673677,116.0023487,-31.88673677,1/12/2012,4,125,89,77,573,263,16,88,11
Midland,Mundaring,116.1666915,-31.90226812,116.1666915,-31.90226812,1/12/2012,4,125,89,77,573,263,16,88,11
Midland,Ballajura,115.8957264,-31.84572515,115.8957264,-31.84572515,1/12/2013,0,126,70,90,520,220,11,105,26
Midland,Ellenbrook,115.9663408,-31.78037668,115.9663408,-31.78037668,1/12/2013,0,126,70,90,520,220,11,105,26
Midland,Forrestfield,116.0097215,-31.98573545,116.0097215,-31.98573545,1/12/2013,0,126,70,90,520,220,11,105,26
Midland,Kiara,115.939222,-31.88708245,115.939222,-31.88708245,1/12/2013,0,126,70,90,520,220,11,105,26
Midland,Midland,116.0023487,-31.88673677,116.0023487,-31.88673677,1/12/2013,0,126,70,90,520,220,11,105,26
Midland,Mundaring,116.1666915,-31.90226812,116.1666915,-31.90226812,1/12/2013,0,126,70,90,520,220,11,105,26
Midland,Ballajura,115.8957264,-31.84572515,115.8957264,-31.84572515,1/12/2014,0,147,91,53,581,243,18,205,38
Midland,Ellenbrook,115.9663408,-31.78037668,115.9663408,-31.78037668,1/12/2014,0,147,91,53,581,243,18,205,38
Midland,Forrestfield,116.0097215,-31.98573545,116.0097215,-31.98573545,1/12/2014,0,147,91,53,581,243,18,205,38
Midland,Kiara,115.939222,-31.88708245,115.939222,-31.88708245,1/12/2014,0,147,91,53,581,243,18,205,38
Midland,Midland,116.0023487,-31.88673677,116.0023487,-31.88673677,1/12/2014,0,147,91,53,581,243,18,205,38
Midland,Mundaring,116.1666915,-31.90226812,116.1666915,-31.90226812,1/12/2014,0,147,91,53,581,243,18,205,38
Midland,Ballajura,115.8957264,-31.84572515,115.8957264,-31.84572515,1/12/2015,1,185,80,70,589,222,21,184,23
Midland,Ellenbrook,115.9663408,-31.78037668,115.9663408,-31.78037668,1/12/2015,1,185,80,70,589,222,21,184,23
Midland,Forrestfield,116.0097215,-31.98573545,116.0097215,-31.98573545,1/12/2015,1,185,80,70,589,222,21,184,23
Midland,Kiara,115.939222,-31.88708245,115.939222,-31.88708245,1/12/2015,1,185,80,70,589,222,21,184,23
Midland,Midland,116.0023487,-31.88673677,116.0023487,-31.88673677,1/12/2015,1,185,80,70,589,222,21,184,23
Midland,Mundaring,116.1666915,-31.90226812,116.1666915,-31.90226812,1/12/2015,1,185,80,70,589,222,21,184,23
Midland,Ballajura,115.8957264,-31.84572515,115.8957264,-31.84572515,1/12/2016,2,184,105,63,581,259,13,158,20
Midland,Ellenbrook,115.9663408,-31.78037668,115.9663408,-31.78037668,1/12/2016,2,184,105,63,581,259,13,158,20
Midland,Forrestfield,116.0097215,-31.98573545,116.0097215,-31.98573545,1/12/2016,2,184,105,63,581,259,13,158,20
Midland,Kiara,115.939222,-31.88708245,115.939222,-31.88708245,1/12/2016,2,184,105,63,581,259,13,158,20
Midland,Midland,116.0023487,-31.88673677,116.0023487,-31.88673677,1/12/2016,2,184,105,63,581,259,13,158,20
Midland,Mundaring,116.1666915,-31.90226812,116.1666915,-31.90226812,1/12/2016,2,184,105,63,581,259,13,158,20
Midland,Ballajura,115.8957264,-31.84572515,115.8957264,-31.84572515,1/12/2017,2,173,90,59,540,222,12,147,23
Midland,Ellenbrook,115.9663408,-31.78037668,115.9663408,-31.78037668,1/12/2017,2,173,90,59,540,222,12,147,23
Midland,Forrestfield,116.0097215,-31.98573545,116.0097215,-31.98573545,1/12/2017,2,173,90,59,540,222,12,147,23
Midland,Kiara,115.939222,-31.88708245,115.939222,-31.88708245,1/12/2017,2,173,90,59,540,222,12,147,23
Midland,Midland,116.0023487,-31.88673677,116.0023487,-31.88673677,1/12/2017,2,173,90,59,540,222,12,147,23
Midland,Mundaring,116.1666915,-31.90226812,116.1666915,-31.90226812,1/12/2017,2,173,90,59,540,222,12,147,23
Midland,Ballajura,115.8957264,-31.84572515,115.8957264,-31.84572515,1/12/2018,1,177,81,74,536,230,12,198,37
Midland,Ellenbrook,115.9663408,-31.78037668,115.9663408,-31.78037668,1/12/2018,1,177,81,74,536,230,12,198,37
Midland,Forrestfield,116.0097215,-31.98573545,116.0097215,-31.98573545,1/12/2018,1,177,81,74,536,230,12,198,37
Midland,Kiara,115.939222,-31.88708245,115.939222,-31.88708245,1/12/2018,1,177,81,74,536,230,12,198,37
Midland,Midland,116.0023487,-31.88673677,116.0023487,-31.88673677,1/12/2018,1,177,81,74,536,230,12,198,37
Midland,Mundaring,116.1666915,-31.90226812,116.1666915,-31.90226812,1/12/2018,1,177,81,74,536,230,12,198,37
Midland,Ballajura,115.8957264,-31.84572515,115.8957264,-31.84572515,1/12/2019,0,159,127,67,668,212,17,216,23
Midland,Ellenbrook,115.9663408,-31.78037668,115.9663408,-31.78037668,1/12/2019,0,159,127,67,668,212,17,216,23
Midland,Forrestfield,116.0097215,-31.98573545,116.0097215,-31.98573545,1/12/2019,0,159,127,67,668,212,17,216,23
Midland,Kiara,115.939222,-31.88708245,115.939222,-31.88708245,1/12/2019,0,159,127,67,668,212,17,216,23
Midland,Midland,116.0023487,-31.88673677,116.0023487,-31.88673677,1/12/2019,0,159,127,67,668,212,17,216,23
Midland,Mundaring,116.1666915,-31.90226812,116.1666915,-31.90226812,1/12/2019,0,159,127,67,668,212,17,216,23
Midland,Ballajura,115.8957264,-31.84572515,115.8957264,-31.84572515,1/12/2020,1,168,72,42,415,156,6,167,26
Midland,Ellenbrook,115.9663408,-31.78037668,115.9663408,-31.78037668,1/12/2020,1,168,72,42,415,156,6,167,26
Midland,Forrestfield,116.0097215,-31.98573545,116.0097215,-31.98573545,1/12/2020,1,168,72,42,415,156,6,167,26
Midland,Kiara,115.939222,-31.88708245,115.939222,-31.88708245,1/12/2020,1,168,72,42,415,156,6,167,26
Midland,Midland,116.0023487,-31.88673677,116.0023487,-31.88673677,1/12/2020,1,168,72,42,415,156,6,167,26
Midland,Mundaring,116.1666915,-31.90226812,116.1666915,-31.90226812,1/12/2020,1,168,72,42,415,156,6,167,26
Midland,Ballajura,115.8957264,-31.84572515,115.8957264,-31.84572515,1/12/2021,0,141,79,34,376,198,14,128,12
Midland,Ellenbrook,115.9663408,-31.78037668,115.9663408,-31.78037668,1/12/2021,0,141,79,34,376,198,14,128,12
Midland,Forrestfield,116.0097215,-31.98573545,116.0097215,-31.98573545,1/12/2021,0,141,79,34,376,198,14,128,12
Midland,Kiara,115.939222,-31.88708245,115.939222,-31.88708245,1/12/2021,0,141,79,34,376,198,14,128,12
Midland,Midland,116.0023487,-31.88673677,116.0023487,-31.88673677,1/12/2021,0,141,79,34,376,198,14,128,12
Midland,Mundaring,116.1666915,-31.90226812,116.1666915,-31.90226812,1/12/2021,0,141,79,34,376,198,14,128,12
Midland,Ballajura,115.8957264,-31.84572515,115.8957264,-31.84572515,1/12/2022,0,243,92,57,497,205,4,95,26
Midland,Ellenbrook,115.9663408,-31.78037668,115.9663408,-31.78037668,1/12/2022,0,243,92,57,497,205,4,95,26
Midland,Forrestfield,116.0097215,-31.98573545,116.0097215,-31.98573545,1/12/2022,0,243,92,57,497,205,4,95,26
Midland,Kiara,115.939222,-31.88708245,115.939222,-31.88708245,1/12/2022,0,243,92,57,497,205,4,95,26
Midland,Midland,116.0023487,-31.88673677,116.0023487,-31.88673677,1/12/2022,0,243,92,57,497,205,4,95,26
Midland,Mundaring,116.1666915,-31.90226812,116.1666915,-31.90226812,1/12/2022,0,243,92,57,497,205,4,95,26
Mirrabooka,Bayswater,115.9136797,-31.91853857,115.9136797,-31.91853857,1/12/2007,0,55,108,75,807,346,7,127,16
Mirrabooka,Mirrabooka,115.8649685,-31.870891,115.8649685,-31.870891,1/12/2007,0,55,108,75,807,346,7,127,16
Mirrabooka,Morely,115.8891093,-31.89879545,115.8891093,-31.89879545,1/12/2007,0,55,108,75,807,346,7,127,16
Mirrabooka,Scarborough,115.7659232,-31.89384021,115.7659232,-31.89384021,1/12/2007,0,55,108,75,807,346,7,127,16
Mirrabooka,Bayswater,115.9136797,-31.91853857,115.9136797,-31.91853857,1/12/2008,0,59,94,52,755,332,13,180,27
Mirrabooka,Mirrabooka,115.8649685,-31.870891,115.8649685,-31.870891,1/12/2008,0,59,94,52,755,332,13,180,27
Mirrabooka,Morely,115.8891093,-31.89879545,115.8891093,-31.89879545,1/12/2008,0,59,94,52,755,332,13,180,27
Mirrabooka,Scarborough,115.7659232,-31.89384021,115.7659232,-31.89384021,1/12/2008,0,59,94,52,755,332,13,180,27
Mirrabooka,Bayswater,115.9136797,-31.91853857,115.9136797,-31.91853857,1/12/2009,2,93,131,41,685,319,12,159,15
Mirrabooka,Mirrabooka,115.8649685,-31.870891,115.8649685,-31.870891,1/12/2009,2,93,131,41,685,319,12,159,15
Mirrabooka,Morely,115.8891093,-31.89879545,115.8891093,-31.89879545,1/12/2009,2,93,131,41,685,319,12,159,15
Mirrabooka,Scarborough,115.7659232,-31.89384021,115.7659232,-31.89384021,1/12/2009,2,93,131,41,685,319,12,159,15
Mirrabooka,Bayswater,115.9136797,-31.91853857,115.9136797,-31.91853857,1/12/2010,12,87,81,58,608,288,7,64,13
Mirrabooka,Mirrabooka,115.8649685,-31.870891,115.8649685,-31.870891,1/12/2010,12,87,81,58,608,288,7,64,13
Mirrabooka,Morely,115.8891093,-31.89879545,115.8891093,-31.89879545,1/12/2010,12,87,81,58,608,288,7,64,13
Mirrabooka,Scarborough,115.7659232,-31.89384021,115.7659232,-31.89384021,1/12/2010,12,87,81,58,608,288,7,64,13
Mirrabooka,Bayswater,115.9136797,-31.91853857,115.9136797,-31.91853857,1/12/2011,0,53,94,78,838,292,6,109,10
Mirrabooka,Mirrabooka,115.8649685,-31.870891,115.8649685,-31.870891,1/12/2011,0,53,94,78,838,292,6,109,10
Mirrabooka,Morely,115.8891093,-31.89879545,115.8891093,-31.89879545,1/12/2011,0,53,94,78,838,292,6,109,10
Mirrabooka,Scarborough,115.7659232,-31.89384021,115.7659232,-31.89384021,1/12/2011,0,53,94,78,838,292,6,109,10
Mirrabooka,Bayswater,115.9136797,-31.91853857,115.9136797,-31.91853857,1/12/2012,1,116,85,127,817,305,6,217,36
Mirrabooka,Mirrabooka,115.8649685,-31.870891,115.8649685,-31.870891,1/12/2012,1,116,85,127,817,305,6,217,36
Mirrabooka,Morely,115.8891093,-31.89879545,115.8891093,-31.89879545,1/12/2012,1,116,85,127,817,305,6,217,36
Mirrabooka,Scarborough,115.7659232,-31.89384021,115.7659232,-31.89384021,1/12/2012,1,116,85,127,817,305,6,217,36
Mirrabooka,Bayswater,115.9136797,-31.91853857,115.9136797,-31.91853857,1/12/2013,2,126,81,93,787,224,12,159,30
Mirrabooka,Mirrabooka,115.8649685,-31.870891,115.8649685,-31.870891,1/12/2013,2,126,81,93,787,224,12,159,30
Mirrabooka,Morely,115.8891093,-31.89879545,115.8891093,-31.89879545,1/12/2013,2,126,81,93,787,224,12,159,30
Mirrabooka,Scarborough,115.7659232,-31.89384021,115.7659232,-31.89384021,1/12/2013,2,126,81,93,787,224,12,159,30
Mirrabooka,Bayswater,115.9136797,-31.91853857,115.9136797,-31.91853857,1/12/2014,0,118,84,93,784,271,9,220,24
Mirrabooka,Mirrabooka,115.8649685,-31.870891,115.8649685,-31.870891,1/12/2014,0,118,84,93,784,271,9,220,24
Mirrabooka,Morely,115.8891093,-31.89879545,115.8891093,-31.89879545,1/12/2014,0,118,84,93,784,271,9,220,24
Mirrabooka,Scarborough,115.7659232,-31.89384021,115.7659232,-31.89384021,1/12/2014,0,118,84,93,784,271,9,220,24
Mirrabooka,Bayswater,115.9136797,-31.91853857,115.9136797,-31.91853857,1/12/2015,0,177,102,81,762,330,6,232,48
Mirrabooka,Mirrabooka,115.8649685,-31.870891,115.8649685,-31.870891,1/12/2015,0,177,102,81,762,330,6,232,48
Mirrabooka,Morely,115.8891093,-31.89879545,115.8891093,-31.89879545,1/12/2015,0,177,102,81,762,330,6,232,48
Mirrabooka,Scarborough,115.7659232,-31.89384021,115.7659232,-31.89384021,1/12/2015,0,177,102,81,762,330,6,232,48
Mirrabooka,Bayswater,115.9136797,-31.91853857,115.9136797,-31.91853857,1/12/2016,0,148,73,77,760,303,13,197,31
Mirrabooka,Mirrabooka,115.8649685,-31.870891,115.8649685,-31.870891,1/12/2016,0,148,73,77,760,303,13,197,31
Mirrabooka,Morely,115.8891093,-31.89879545,115.8891093,-31.89879545,1/12/2016,0,148,73,77,760,303,13,197,31
Mirrabooka,Scarborough,115.7659232,-31.89384021,115.7659232,-31.89384021,1/12/2016,0,148,73,77,760,303,13,197,31
Mirrabooka,Bayswater,115.9136797,-31.91853857,115.9136797,-31.91853857,1/12/2017,0,140,96,72,726,241,7,226,38
Mirrabooka,Mirrabooka,115.8649685,-31.870891,115.8649685,-31.870891,1/12/2017,0,140,96,72,726,241,7,226,38
Mirrabooka,Morely,115.8891093,-31.89879545,115.8891093,-31.89879545,1/12/2017,0,140,96,72,726,241,7,226,38
Mirrabooka,Scarborough,115.7659232,-31.89384021,115.7659232,-31.89384021,1/12/2017,0,140,96,72,726,241,7,226,38
Mirrabooka,Bayswater,115.9136797,-31.91853857,115.9136797,-31.91853857,1/12/2018,1,150,90,72,845,236,6,243,33
Mirrabooka,Mirrabooka,115.8649685,-31.870891,115.8649685,-31.870891,1/12/2018,1,150,90,72,845,236,6,243,33
Mirrabooka,Morely,115.8891093,-31.89879545,115.8891093,-31.89879545,1/12/2018,1,150,90,72,845,236,6,243,33
Mirrabooka,Scarborough,115.7659232,-31.89384021,115.7659232,-31.89384021,1/12/2018,1,150,90,72,845,236,6,243,33
Mirrabooka,Bayswater,115.9136797,-31.91853857,115.9136797,-31.91853857,1/12/2019,0,146,92,77,834,211,7,234,30
Mirrabooka,Mirrabooka,115.8649685,-31.870891,115.8649685,-31.870891,1/12/2019,0,146,92,77,834,211,7,234,30
Mirrabooka,Morely,115.8891093,-31.89879545,115.8891093,-31.89879545,1/12/2019,0,146,92,77,834,211,7,234,30
Mirrabooka,Scarborough,115.7659232,-31.89384021,115.7659232,-31.89384021,1/12/2019,0,146,92,77,834,211,7,234,30
Mirrabooka,Bayswater,115.9136797,-31.91853857,115.9136797,-31.91853857,1/12/2020,0,168,76,38,522,186,4,171,20
Mirrabooka,Mirrabooka,115.8649685,-31.870891,115.8649685,-31.870891,1/12/2020,0,168,76,38,522,186,4,171,20
Mirrabooka,Morely,115.8891093,-31.89879545,115.8891093,-31.89879545,1/12/2020,0,168,76,38,522,186,4,171,20
Mirrabooka,Scarborough,115.7659232,-31.89384021,115.7659232,-31.89384021,1/12/2020,0,168,76,38,522,186,4,171,20
Mirrabooka,Bayswater,115.9136797,-31.91853857,115.9136797,-31.91853857,1/12/2021,0,191,95,48,581,239,3,152,14
Mirrabooka,Mirrabooka,115.8649685,-31.870891,115.8649685,-31.870891,1/12/2021,0,191,95,48,581,239,3,152,14
Mirrabooka,Morely,115.8891093,-31.89879545,115.8891093,-31.89879545,1/12/2021,0,191,95,48,581,239,3,152,14
Mirrabooka,Scarborough,115.7659232,-31.89384021,115.7659232,-31.89384021,1/12/2021,0,191,95,48,581,239,3,152,14
Mirrabooka,Bayswater,115.9136797,-31.91853857,115.9136797,-31.91853857,1/12/2022,0,190,91,61,747,236,4,127,38
Mirrabooka,Mirrabooka,115.8649685,-31.870891,115.8649685,-31.870891,1/12/2022,0,190,91,61,747,236,4,127,38
Mirrabooka,Morely,115.8891093,-31.89879545,115.8891093,-31.89879545,1/12/2022,0,190,91,61,747,236,4,127,38
Mirrabooka,Scarborough,115.7659232,-31.89384021,115.7659232,-31.89384021,1/12/2022,0,190,91,61,747,236,4,127,38
Perth,Perth,115.8525752,-31.94669786,115.8525752,-31.94669786,1/12/2007,1,25,221,40,815,283,10,127,12
Perth,Wembley,115.8079973,-31.94149276,115.8079973,-31.94149276,1/12/2007,1,25,221,40,815,283,10,127,12
Perth,Perth,115.8525752,-31.94669786,115.8525752,-31.94669786,1/12/2008,0,24,172,28,722,241,5,134,17
Perth,Wembley,115.8079973,-31.94149276,115.8079973,-31.94149276,1/12/2008,0,24,172,28,722,241,5,134,17
Perth,Perth,115.8525752,-31.94669786,115.8525752,-31.94669786,1/12/2009,0,37,162,24,656,199,4,96,11
Perth,Wembley,115.8079973,-31.94149276,115.8079973,-31.94149276,1/12/2009,0,37,162,24,656,199,4,96,11
Perth,Perth,115.8525752,-31.94669786,115.8525752,-31.94669786,1/12/2010,0,19,195,23,505,181,4,142,17
Perth,Wembley,115.8079973,-31.94149276,115.8079973,-31.94149276,1/12/2010,0,19,195,23,505,181,4,142,17
Perth,Perth,115.8525752,-31.94669786,115.8525752,-31.94669786,1/12/2011,1,40,155,45,604,150,4,90,10
Perth,Wembley,115.8079973,-31.94149276,115.8079973,-31.94149276,1/12/2011,1,40,155,45,604,150,4,90,10
Perth,Perth,115.8525752,-31.94669786,115.8525752,-31.94669786,1/12/2012,0,34,153,48,722,191,2,111,16
Perth,Wembley,115.8079973,-31.94149276,115.8079973,-31.94149276,1/12/2012,0,34,153,48,722,191,2,111,16
Perth,Perth,115.8525752,-31.94669786,115.8525752,-31.94669786,1/12/2013,2,24,135,41,599,147,3,270,22
Perth,Wembley,115.8079973,-31.94149276,115.8079973,-31.94149276,1/12/2013,2,24,135,41,599,147,3,270,22
Perth,Perth,115.8525752,-31.94669786,115.8525752,-31.94669786,1/12/2014,0,39,131,41,607,148,4,192,16
Perth,Wembley,115.8079973,-31.94149276,115.8079973,-31.94149276,1/12/2014,0,39,131,41,607,148,4,192,16
Perth,Perth,115.8525752,-31.94669786,115.8525752,-31.94669786,1/12/2015,0,50,156,44,871,180,3,163,16
Perth,Wembley,115.8079973,-31.94149276,115.8079973,-31.94149276,1/12/2015,0,50,156,44,871,180,3,163,16
Perth,Perth,115.8525752,-31.94669786,115.8525752,-31.94669786,1/12/2016,0,54,166,40,708,175,3,273,31
Perth,Wembley,115.8079973,-31.94149276,115.8079973,-31.94149276,1/12/2016,0,54,166,40,708,175,3,273,31
Perth,Perth,115.8525752,-31.94669786,115.8525752,-31.94669786,1/12/2017,0,54,150,32,788,193,3,298,23
Perth,Wembley,115.8079973,-31.94149276,115.8079973,-31.94149276,1/12/2017,0,54,150,32,788,193,3,298,23
Perth,Perth,115.8525752,-31.94669786,115.8525752,-31.94669786,1/12/2018,0,57,210,42,818,157,2,242,13
Perth,Wembley,115.8079973,-31.94149276,115.8079973,-31.94149276,1/12/2018,0,57,210,42,818,157,2,242,13
Perth,Perth,115.8525752,-31.94669786,115.8525752,-31.94669786,1/12/2019,1,63,169,27,968,128,6,515,23
Perth,Wembley,115.8079973,-31.94149276,115.8079973,-31.94149276,1/12/2019,1,63,169,27,968,128,6,515,23
Perth,Perth,115.8525752,-31.94669786,115.8525752,-31.94669786,1/12/2020,0,100,179,34,681,157,4,239,21
Perth,Wembley,115.8079973,-31.94149276,115.8079973,-31.94149276,1/12/2020,0,100,179,34,681,157,4,239,21
Perth,Perth,115.8525752,-31.94669786,115.8525752,-31.94669786,1/12/2021,0,104,202,33,612,161,3,156,16
Perth,Wembley,115.8079973,-31.94149276,115.8079973,-31.94149276,1/12/2021,0,104,202,33,612,161,3,156,16
Perth,Perth,115.8525752,-31.94669786,115.8525752,-31.94669786,1/12/2022,0,129,180,37,802,122,5,252,16
Perth,Wembley,115.8079973,-31.94149276,115.8079973,-31.94149276,1/12/2022,0,129,180,37,802,122,5,252,16
South West,Bunbury,115.6351154,-33.32632039,115.6351154,-33.32632039,1/12/2007,1,60,104,52,582,362,18,100,17
South West,Bunbury,115.6351154,-33.32632039,115.6351154,-33.32632039,1/12/2008,0,40,94,60,628,346,14,128,12
South West,Bunbury,115.6351154,-33.32632039,115.6351154,-33.32632039,1/12/2009,0,63,76,42,570,300,22,127,17
South West,Bunbury,115.6351154,-33.32632039,115.6351154,-33.32632039,1/12/2010,1,80,80,67,525,343,9,80,10
South West,Bunbury,115.6351154,-33.32632039,115.6351154,-33.32632039,1/12/2011,3,158,89,75,711,315,8,78,19
South West,Bunbury,115.6351154,-33.32632039,115.6351154,-33.32632039,1/12/2012,0,139,101,78,624,266,13,102,13
South West,Bunbury,115.6351154,-33.32632039,115.6351154,-33.32632039,1/12/2013,5,142,66,67,617,225,9,128,14
South West,Bunbury,115.6351154,-33.32632039,115.6351154,-33.32632039,1/12/2014,0,117,69,64,783,260,23,196,38
South West,Bunbury,115.6351154,-33.32632039,115.6351154,-33.32632039,1/12/2015,0,192,83,90,673,261,17,273,28
South West,Bunbury,115.6351154,-33.32632039,115.6351154,-33.32632039,1/12/2016,4,140,79,55,650,233,19,297,43
South West,Bunbury,115.6351154,-33.32632039,115.6351154,-33.32632039,1/12/2017,1,125,83,59,646,198,19,207,19
South West,Bunbury,115.6351154,-33.32632039,115.6351154,-33.32632039,1/12/2018,2,116,74,46,626,192,6,233,26
South West,Bunbury,115.6351154,-33.32632039,115.6351154,-33.32632039,1/12/2019,0,145,67,52,654,208,8,265,48
South West,Bunbury,115.6351154,-33.32632039,115.6351154,-33.32632039,1/12/2020,1,158,65,42,362,201,5,205,25
South West,Bunbury,115.6351154,-33.32632039,115.6351154,-33.32632039,1/12/2021,0,146,108,23,429,194,22,198,30
South West,Bunbury,115.6351154,-33.32632039,115.6351154,-33.32632039,1/12/2022,2,162,88,44,448,201,7,131,21
